0,1,中国,-1,
1,2,北京,0,
2,2,天津,0,
3,2,河北,0,
4,2,山西,0,
5,2,内蒙古,0,
6,2,辽宁,0,
7,2,吉林,0,
8,2,黑龙江,0,
9,2,上海,0,
10,2,江苏,0,
11,2,浙江,0,
12,2,安徽,0,
13,2,福建,0,
14,2,江西,0,
15,2,山东,0,
16,2,河南,0,
17,2,湖北,0,
18,2,湖南,0,
19,2,广东,0,
20,2,广西,0,
21,2,海南,0,
22,2,重庆,0,
23,2,四川,0,
24,2,贵州,0,
25,2,云南,0,
26,2,西藏,0,
27,2,陕西,0,
28,2,甘肃,0,
29,2,青海,0,
30,2,宁夏,0,
31,2,新疆,0,
32,2,香港,0,
33,2,澳门,0,
34,2,台湾,0,
1001,3,北京市,1,100000
2002,3,天津市,2,100000
3003,3,石家庄市,3,50000
3004,3,唐山市,3,63000
3005,3,秦皇岛市,3,66000
3006,3,邯郸市,3,56000
3007,3,邢台市,3,54000
3008,3,保定市,3,71000
3009,3,张家口市,3,75000
3010,3,承德市,3,67000
3011,3,沧州市,3,61000
3012,3,廊坊市,3,65000
3013,3,衡水市,3,53000
4014,3,太原市,4,30000
4015,3,大同市,4,37000
4016,3,阳泉市,4,45000
4017,3,长治市,4,46000
4018,3,晋城市,4,48000
4019,3,朔州市,4,36000
4020,3,晋中市,4,30600
4021,3,运城市,4,44000
4022,3,忻州市,4,34000
4023,3,临汾市,4,41000
4024,3,吕梁市,4,30500
5025,3,呼和浩特市,5,10000
5026,3,包头市,5,14000
5027,3,乌海市,5,16000
5028,3,赤峰市,5,24000
5029,3,通辽市,5,28000
5030,3,鄂尔多斯市,5,10300
5031,3,呼伦贝尔市,5,21000
5032,3,巴彦淖尔市,5,14400
5033,3,乌兰察布市,5,11800
5034,3,兴安盟,5,137500
5035,3,锡林郭勒盟,5,11100
5036,3,阿拉善盟,5,16000
6037,3,沈阳市,6,110000
6038,3,大连市,6,116000
6039,3,鞍山市,6,114000
6040,3,抚顺市,6,113000
6041,3,本溪市,6,117000
6042,3,丹东市,6,118000
6043,3,锦州市,6,121000
6044,3,营口市,6,115000
6045,3,阜新市,6,123000
6046,3,辽阳市,6,111000
6047,3,盘锦市,6,124000
6048,3,铁岭市,6,112000
6049,3,朝阳市,6,122000
6050,3,葫芦岛市,6,125000
7051,3,长春市,7,130000
7052,3,吉林市,7,132000
7053,3,四平市,7,136000
7054,3,辽源市,7,136200
7055,3,通化市,7,134000
7056,3,白山市,7,134300
7057,3,松原市,7,131100
7058,3,白城市,7,137000
7059,3,延边朝鲜族自治州,7,133000
8060,3,哈尔滨市,8,150000
8061,3,齐齐哈尔市,8,161000
8062,3,鸡西市,8,158100
8063,3,鹤岗市,8,154100
8064,3,双鸭山市,8,155100
8065,3,大庆市,8,163000
8066,3,伊春市,8,152300
8067,3,佳木斯市,8,154000
8068,3,七台河市,8,154600
8069,3,牡丹江市,8,157000
8070,3,黑河市,8,164300
8071,3,绥化市,8,152000
8072,3,大兴安岭地区,8,165000
9073,3,上海市,9,200000
10074,3,南京市,10,210000
10075,3,无锡市,10,214000
10076,3,徐州市,10,221000
10077,3,常州市,10,213000
10078,3,苏州市,10,215000
10079,3,南通市,10,226000
10080,3,连云港市,10,222000
10081,3,淮安市,10,223200
10082,3,盐城市,10,224000
10083,3,扬州市,10,225000
10084,3,镇江市,10,212000
10085,3,泰州市,10,225300
10086,3,宿迁市,10,223800
11087,3,杭州市,11,310000
11088,3,宁波市,11,315000
11089,3,温州市,11,325000
11090,3,嘉兴市,11,314000
11091,3,湖州市,11,313000
11092,3,绍兴市,11,312000
11093,3,金华市,11,321000
11094,3,衢州市,11,324000
11095,3,舟山市,11,316000
11096,3,台州市,11,318000
11097,3,丽水市,11,323000
12098,3,合肥市,12,230000
12099,3,芜湖市,12,241000
12100,3,蚌埠市,12,233000
12101,3,淮南市,12,232000
12102,3,马鞍山市,12,243000
12103,3,淮北市,12,235000
12104,3,铜陵市,12,244000
12105,3,安庆市,12,246000
12106,3,黄山市,12,242700
12107,3,滁州市,12,239000
12108,3,阜阳市,12,236100
12109,3,宿州市,12,234100
12110,3,巢湖市,12,238000
12111,3,六安市,12,237000
12112,3,亳州市,12,236800
12113,3,池州市,12,247100
12114,3,宣城市,12,366000
13115,3,福州市,13,350000
13116,3,厦门市,13,361000
13117,3,莆田市,13,351100
13118,3,三明市,13,365000
13119,3,泉州市,13,362000
13120,3,漳州市,13,363000
13121,3,南平市,13,353000
13122,3,龙岩市,13,364000
13123,3,宁德市,13,352100
14124,3,南昌市,14,330000
14125,3,景德镇市,14,333000
14126,3,萍乡市,14,337000
14127,3,九江市,14,332000
14128,3,新余市,14,338000
14129,3,鹰潭市,14,335000
14130,3,赣州市,14,341000
14131,3,吉安市,14,343000
14132,3,宜春市,14,336000
14133,3,抚州市,14,332900
14134,3,上饶市,14,334000
15135,3,济南市,15,250000
15136,3,青岛市,15,266000
15137,3,淄博市,15,255000
15138,3,枣庄市,15,277100
15139,3,东营市,15,257000
15140,3,烟台市,15,264000
15141,3,潍坊市,15,261000
15142,3,济宁市,15,272100
15143,3,泰安市,15,271000
15144,3,威海市,15,265700
15145,3,日照市,15,276800
15146,3,莱芜市,15,271100
15147,3,临沂市,15,276000
15148,3,德州市,15,253000
15149,3,聊城市,15,252000
15150,3,滨州市,15,256600
15151,3,荷泽市,15,255000
16152,3,郑州市,16,450000
16153,3,开封市,16,475000
16154,3,洛阳市,16,471000
16155,3,平顶山市,16,467000
16156,3,安阳市,16,454900
16157,3,鹤壁市,16,456600
16158,3,新乡市,16,453000
16159,3,焦作市,16,454100
16160,3,濮阳市,16,457000
16161,3,许昌市,16,461000
16162,3,漯河市,16,462000
16163,3,三门峡市,16,472000
16164,3,南阳市,16,473000
16165,3,商丘市,16,476000
16166,3,信阳市,16,464000
16167,3,周口市,16,466000
16168,3,驻马店市,16,463000
17169,3,武汉市,17,430000
17170,3,黄石市,17,435000
17171,3,十堰市,17,442000
17172,3,宜昌市,17,443000
17173,3,襄樊市,17,441000
17174,3,鄂州市,17,436000
17175,3,荆门市,17,448000
17176,3,孝感市,17,432100
17177,3,荆州市,17,434000
17178,3,黄冈市,17,438000
17179,3,咸宁市,17,437000
17180,3,随州市,17,441300
17181,3,恩施土家族苗族自治州,17,445000
17182,3,神农架,17,442400
18183,3,长沙市,18,410000
18184,3,株洲市,18,412000
18185,3,湘潭市,18,411100
18186,3,衡阳市,18,421000
18187,3,邵阳市,18,422000
18188,3,岳阳市,18,414000
18189,3,常德市,18,415000
18190,3,张家界市,18,427000
18191,3,益阳市,18,413000
18192,3,郴州市,18,423000
18193,3,永州市,18,425000
18194,3,怀化市,18,418000
18195,3,娄底市,18,417000
18196,3,湘西土家族苗族自治州,18,416000
19197,3,广州市,19,510000
19198,3,韶关市,19,521000
19199,3,深圳市,19,518000
19200,3,珠海市,19,519000
19201,3,汕头市,19,515000
19202,3,佛山市,19,528000
19203,3,江门市,19,529000
19204,3,湛江市,19,524000
19205,3,茂名市,19,525000
19206,3,肇庆市,19,526000
19207,3,惠州市,19,516000
19208,3,梅州市,19,514000
19209,3,汕尾市,19,516600
19210,3,河源市,19,517000
19211,3,阳江市,19,529500
19212,3,清远市,19,511500
19213,3,东莞市,19,511700
19214,3,中山市,19,528400
19215,3,潮州市,19,515600
19216,3,揭阳市,19,522000
19217,3,云浮市,19,527300
20218,3,南宁市,20,530000
20219,3,柳州市,20,545000
20220,3,桂林市,20,541000
20221,3,梧州市,20,543000
20222,3,北海市,20,536000
20223,3,防城港市,20,538000
20224,3,钦州市,20,535000
20225,3,贵港市,20,537100
20226,3,玉林市,20,537000
20227,3,百色市,20,533000
20228,3,贺州市,20,542800
20229,3,河池市,20,547000
20230,3,来宾市,20,546100
20231,3,崇左市,20,532200
21232,3,海口市,21,570000
21233,3,三亚市,21,572000
22234,3,重庆市,22,400000
23235,3,成都市,23,610000
23236,3,自贡市,23,643000
23237,3,攀枝花市,23,617000
23238,3,泸州市,23,646100
23239,3,德阳市,23,618000
23240,3,绵阳市,23,621000
23241,3,广元市,23,628000
23242,3,遂宁市,23,629000
23243,3,内江市,23,641000
23244,3,乐山市,23,614000
23245,3,南充市,23,637000
23246,3,眉山市,23,612100
23247,3,宜宾市,23,644000
23248,3,广安市,23,638000
23249,3,达州市,23,635000
23250,3,雅安市,23,625000
23251,3,巴中市,23,635500
23252,3,资阳市,23,641300
23253,3,阿坝藏族羌族自治州,23,624600
23254,3,甘孜藏族自治州,23,626000
23255,3,凉山彝族自治州,23,615000
24256,3,贵阳市,24,55000
24257,3,六盘水市,24,553000
24258,3,遵义市,24,563000
24259,3,安顺市,24,561000
24260,3,铜仁地区,24,554300
24261,3,黔西南布依族苗族自治州,24,551500
24262,3,毕节地区,24,551700
24263,3,黔东南苗族侗族自治州,24,551500
24264,3,黔南布依族苗族自治州,24,550100
25265,3,昆明市,25,650000
25266,3,曲靖市,25,655000
25267,3,玉溪市,25,653100
25268,3,保山市,25,678000
25269,3,昭通市,25,657000
25270,3,丽江市,25,674100
25271,3,思茅市,25,665000
25272,3,临沧市,25,677000
25273,3,楚雄彝族自治州,25,675000
25274,3,红河哈尼族彝族自治州,25,654400
25275,3,文山壮族苗族自治州,25,663000
25276,3,西双版纳傣族自治州,25,666200
25277,3,大理白族自治州,25,671000
25278,3,德宏傣族景颇族自治州,25,678400
25279,3,怒江傈僳族自治州,25,671400
25280,3,迪庆藏族自治州,25,674400
26281,3,拉萨市,26,850000
26282,3,昌都地区,26,854000
26283,3,山南地区,26,856000
26284,3,日喀则地区,26,857000
26285,3,那曲地区,26,852000
26286,3,阿里地区,26,859100
26287,3,林芝地区,26,860100
27288,3,西安市,27,710000
27289,3,铜川市,27,727000
27290,3,宝鸡市,27,721000
27291,3,咸阳市,27,712000
27292,3,渭南市,27,714000
27293,3,延安市,27,716000
27294,3,汉中市,27,723000
27295,3,榆林市,27,719000
27296,3,安康市,27,725000
27297,3,商洛市,27,711500
28298,3,兰州市,28,730000
28299,3,嘉峪关市,28,735100
28300,3,金昌市,28,737100
28301,3,白银市,28,730900
28302,3,天水市,28,741000
28303,3,武威市,28,733000
28304,3,张掖市,28,734000
28305,3,平凉市,28,744000
28306,3,酒泉市,28,735000
28307,3,庆阳市,28,744500
28308,3,定西市,28,743000
28309,3,陇南市,28,742100
28310,3,临夏回族自治州,28,731100
28311,3,甘南藏族自治州,28,747000
29312,3,西宁市,29,810000
29313,3,海东地区,29,810600
29314,3,海北藏族自治州,29,810300
29315,3,黄南藏族自治州,29,811300
29316,3,海南藏族自治州,29,813000
29317,3,果洛藏族自治州,29,814000
29318,3,玉树藏族自治州,29,815000
29319,3,海西蒙古族藏族自治州,29,817000
30320,3,银川市,30,750000
30321,3,石嘴山市,30,753000
30322,3,吴忠市,30,751100
30323,3,固原市,30,756000
30324,3,中卫市,30,751700
31325,3,乌鲁木齐市,31,830000
31326,3,克拉玛依市,31,834000
31327,3,吐鲁番地区,31,838000
31328,3,哈密地区,31,839000
31329,3,昌吉回族自治州,31,831100
31330,3,博尔塔拉蒙古自治州,31,833400
31331,3,巴音郭楞蒙古自治州,31,841000
31332,3,阿克苏地区,31,843000
31333,3,克孜勒苏柯尔克孜自治州,31,835600
31334,3,喀什地区,31,844000
31335,3,和田地区,31,848000
31336,3,伊犁哈萨克自治州,31,833200
31337,3,塔城地区,31,834700
31338,3,阿勒泰地区,31,836500
31339,3,石河子市,31,832000
31340,3,阿拉尔市,31,843300
31341,3,图木舒克市,31,843900
31342,3,五家渠市,31,831300
32343,3,香港特别行政区,32,0
33344,3,澳门特别行政区,33,0
34345,3,台湾省,34,0
10010001,4,东城区,1001,100000
10010002,4,西城区,1001,100000
10010003,4,崇文区,1001,100000
10010004,4,宣武区,1001,100000
10010005,4,朝阳区,1001,100000
10010006,4,丰台区,1001,100000
10010007,4,石景山区,1001,100000
10010008,4,海淀区,1001,100000
10010009,4,门头沟区,1001,100000
10010010,4,房山区,1001,100000
10010011,4,通州区,1001,100000
10010012,4,顺义区,1001,100000
10010013,4,昌平区,1001,100000
10010014,4,大兴区,1001,100000
10010015,4,怀柔区,1001,100000
10010016,4,平谷区,1001,100000
10010017,4,密云县,1001,100000
10010018,4,延庆县,1001,100000
20020019,4,和平区,2002,100000
20020020,4,河东区,2002,100000
20020021,4,河西区,2002,100000
20020022,4,南开区,2002,100000
20020023,4,河北区,2002,100000
20020024,4,红桥区,2002,100000
20020025,4,塘沽区,2002,100000
20020026,4,汉沽区,2002,100000
20020027,4,大港区,2002,100000
20020028,4,东丽区,2002,100000
20020029,4,西青区,2002,100000
20020030,4,津南区,2002,100000
20020031,4,北辰区,2002,100000
20020032,4,武清区,2002,100000
20020033,4,宝坻区,2002,100000
20020034,4,宁河县,2002,100000
20020035,4,静海县,2002,100000
20020036,4,蓟县,2002,100000
30030037,4,长安区,3003,50000
30030038,4,桥东区,3003,50000
30030039,4,桥西区,3003,50000
30030040,4,新华区,3003,50000
30030041,4,井陉矿区,3003,50000
30030042,4,裕华区,3003,50000
30030043,4,井陉县,3003,50000
30030044,4,正定县,3003,50000
30030045,4,栾城县,3003,50000
30030046,4,行唐县,3003,50000
30030047,4,灵寿县,3003,50000
30030048,4,高邑县,3003,50000
30030049,4,深泽县,3003,50000
30030050,4,赞皇县,3003,50000
30030051,4,无极县,3003,50000
30030052,4,平山县,3003,50000
30030053,4,元氏县,3003,50000
30030054,4,赵县,3003,50000
30030055,4,辛集市,3003,50000
30030056,4,藁城市,3003,50000
30030057,4,晋州市,3003,50000
30030058,4,新乐市,3003,50000
30030059,4,鹿泉市,3003,50000
30040060,4,路南区,3004,63000
30040061,4,路北区,3004,63000
30040062,4,古冶区,3004,63000
30040063,4,开平区,3004,63000
30040064,4,丰南区,3004,63000
30040065,4,丰润区,3004,63000
30040066,4,滦县,3004,63000
30040067,4,滦南县,3004,63000
30040068,4,乐亭县,3004,63000
30040069,4,迁西县,3004,63000
30040070,4,玉田县,3004,63000
30040071,4,唐海县,3004,63000
30040072,4,遵化市,3004,63000
30040073,4,迁安市,3004,63000
30050074,4,海港区,3005,66000
30050075,4,山海关区,3005,66000
30050076,4,北戴河区,3005,66000
30050077,4,青龙满族自治县,3005,66000
30050078,4,昌黎县,3005,66000
30050079,4,抚宁县,3005,66000
30050080,4,卢龙县,3005,66000
30060081,4,邯山区,3006,56000
30060082,4,丛台区,3006,56000
30060083,4,复兴区,3006,56000
30060084,4,峰峰矿区,3006,56000
30060085,4,邯郸县,3006,56000
30060086,4,临漳县,3006,56000
30060087,4,成安县,3006,56000
30060088,4,大名县,3006,56000
30060089,4,涉县,3006,56000
30060090,4,磁县,3006,56000
30060091,4,肥乡县,3006,56000
30060092,4,永年县,3006,56000
30060093,4,邱县,3006,56000
30060094,4,鸡泽县,3006,56000
30060095,4,广平县,3006,56000
30060096,4,馆陶县,3006,56000
30060097,4,魏县,3006,56000
30060098,4,曲周县,3006,56000
30060099,4,武安市,3006,56000
30070100,4,桥东区,3007,54000
30070101,4,桥西区,3007,54000
30070102,4,邢台县,3007,54000
30070103,4,临城县,3007,54000
30070104,4,内丘县,3007,54000
30070105,4,柏乡县,3007,54000
30070106,4,隆尧县,3007,54000
30070107,4,任县,3007,54000
30070108,4,南和县,3007,54000
30070109,4,宁晋县,3007,54000
30070110,4,巨鹿县,3007,54000
30070111,4,新河县,3007,54000
30070112,4,广宗县,3007,54000
30070113,4,平乡县,3007,54000
30070114,4,威县,3007,54000
30070115,4,清河县,3007,54000
30070116,4,临西县,3007,54000
30070117,4,南宫市,3007,54000
30070118,4,沙河市,3007,54000
30080119,4,新市区,3008,71000
30080120,4,北市区,3008,71000
30080121,4,南市区,3008,71000
30080122,4,满城县,3008,71000
30080123,4,清苑县,3008,71000
30080124,4,涞水县,3008,71000
30080125,4,阜平县,3008,71000
30080126,4,徐水县,3008,71000
30080127,4,定兴县,3008,71000
30080128,4,唐县,3008,71000
30080129,4,高阳县,3008,71000
30080130,4,容城县,3008,71000
30080131,4,涞源县,3008,71000
30080132,4,望都县,3008,71000
30080133,4,安新县,3008,71000
30080134,4,易县,3008,71000
30080135,4,曲阳县,3008,71000
30080136,4,蠡县,3008,71000
30080137,4,顺平县,3008,71000
30080138,4,博野县,3008,71000
30080139,4,雄县,3008,71000
30080140,4,涿州市,3008,71000
30080141,4,定州市,3008,71000
30080142,4,安国市,3008,71000
30080143,4,高碑店市,3008,71000
30090144,4,桥东区,3009,75000
30090145,4,桥西区,3009,75000
30090146,4,宣化区,3009,75000
30090147,4,下花园区,3009,75000
30090148,4,宣化县,3009,75000
30090149,4,张北县,3009,75000
30090150,4,康保县,3009,75000
30090151,4,沽源县,3009,75000
30090152,4,尚义县,3009,75000
30090153,4,蔚县,3009,75000
30090154,4,阳原县,3009,75000
30090155,4,怀安县,3009,75000
30090156,4,万全县,3009,75000
30090157,4,怀来县,3009,75000
30090158,4,涿鹿县,3009,75000
30090159,4,赤城县,3009,75000
30090160,4,崇礼县,3009,75000
30100161,4,双桥区,3010,67000
30100162,4,双滦区,3010,67000
30100163,4,鹰手营子矿区,3010,67000
30100164,4,承德县,3010,67000
30100165,4,兴隆县,3010,67000
30100166,4,平泉县,3010,67000
30100167,4,滦平县,3010,67000
30100168,4,隆化县,3010,67000
30100169,4,丰宁满族自治县,3010,67000
30100170,4,宽城满族自治县,3010,67000
30100171,4,围场满族蒙古族自治县,3010,67000
30110172,4,新华区,3011,61000
30110173,4,运河区,3011,61000
30110174,4,沧县,3011,61000
30110175,4,青县,3011,61000
30110176,4,东光县,3011,61000
30110177,4,海兴县,3011,61000
30110178,4,盐山县,3011,61000
30110179,4,肃宁县,3011,61000
30110180,4,南皮县,3011,61000
30110181,4,吴桥县,3011,61000
30110182,4,献县,3011,61000
30110183,4,孟村回族自治县,3011,61000
30110184,4,泊头市,3011,61000
30110185,4,任丘市,3011,61000
30110186,4,黄骅市,3011,61000
30110187,4,河间市,3011,61000
30120188,4,安次区,3012,65000
30120189,4,广阳区,3012,65000
30120190,4,固安县,3012,65000
30120191,4,永清县,3012,65000
30120192,4,香河县,3012,65000
30120193,4,大城县,3012,65000
30120194,4,文安县,3012,65000
30120195,4,大厂回族自治县,3012,65000
30120196,4,霸州市,3012,65000
30120197,4,三河市,3012,65000
30130198,4,桃城区,3013,53000
30130199,4,枣强县,3013,53000
30130200,4,武邑县,3013,53000
30130201,4,武强县,3013,53000
30130202,4,饶阳县,3013,53000
30130203,4,安平县,3013,53000
30130204,4,故城县,3013,53000
30130205,4,景县,3013,53000
30130206,4,阜城县,3013,53000
30130207,4,冀州市,3013,53000
30130208,4,深州市,3013,53000
40140209,4,小店区,4014,30000
40140210,4,迎泽区,4014,30000
40140211,4,杏花岭区,4014,30000
40140212,4,尖草坪区,4014,30000
40140213,4,万柏林区,4014,30000
40140214,4,晋源区,4014,30000
40140215,4,清徐县,4014,30000
40140216,4,阳曲县,4014,30000
40140217,4,娄烦县,4014,30000
40140218,4,古交市,4014,30000
40150219,4,城区,4015,37000
40150220,4,矿区,4015,37000
40150221,4,南郊区,4015,37000
40150222,4,新荣区,4015,37000
40150223,4,阳高县,4015,37000
40150224,4,天镇县,4015,37000
40150225,4,广灵县,4015,37000
40150226,4,灵丘县,4015,37000
40150227,4,浑源县,4015,37000
40150228,4,左云县,4015,37000
40150229,4,大同县,4015,37000
40160230,4,城区,4016,45000
40160231,4,矿区,4016,45000
40160232,4,郊区,4016,45000
40160233,4,平定县,4016,45000
40160234,4,盂县,4016,45000
40170235,4,城区,4017,46000
40170236,4,郊区,4017,46000
40170237,4,长治县,4017,46000
40170238,4,襄垣县,4017,46000
40170239,4,屯留县,4017,46000
40170240,4,平顺县,4017,46000
40170241,4,黎城县,4017,46000
40170242,4,壶关县,4017,46000
40170243,4,长子县,4017,46000
40170244,4,武乡县,4017,46000
40170245,4,沁县,4017,46000
40170246,4,沁源县,4017,46000
40170247,4,潞城市,4017,46000
40180248,4,城区,4018,48000
40180249,4,沁水县,4018,48000
40180250,4,阳城县,4018,48000
40180251,4,陵川县,4018,48000
40180252,4,泽州县,4018,48000
40180253,4,高平市,4018,48000
40190254,4,朔城区,4019,36000
40190255,4,平鲁区,4019,36000
40190256,4,山阴县,4019,36000
40190257,4,应县,4019,36000
40190258,4,右玉县,4019,36000
40190259,4,怀仁县,4019,36000
40200260,4,榆次区,4020,30600
40200261,4,榆社县,4020,30600
40200262,4,左权县,4020,30600
40200263,4,和顺县,4020,30600
40200264,4,昔阳县,4020,30600
40200265,4,寿阳县,4020,30600
40200266,4,太谷县,4020,30600
40200267,4,祁县,4020,30600
40200268,4,平遥县,4020,30600
40200269,4,灵石县,4020,30600
40200270,4,介休市,4020,30600
40210271,4,盐湖区,4021,44000
40210272,4,临猗县,4021,44000
40210273,4,万荣县,4021,44000
40210274,4,闻喜县,4021,44000
40210275,4,稷山县,4021,44000
40210276,4,新绛县,4021,44000
40210277,4,绛县,4021,44000
40210278,4,垣曲县,4021,44000
40210279,4,夏县,4021,44000
40210280,4,平陆县,4021,44000
40210281,4,芮城县,4021,44000
40210282,4,永济市,4021,44000
40210283,4,河津市,4021,44000
40220284,4,忻府区,4022,34000
40220285,4,定襄县,4022,34000
40220286,4,五台县,4022,34000
40220287,4,代县,4022,34000
40220288,4,繁峙县,4022,34000
40220289,4,宁武县,4022,34000
40220290,4,静乐县,4022,34000
40220291,4,神池县,4022,34000
40220292,4,五寨县,4022,34000
40220293,4,岢岚县,4022,34000
40220294,4,河曲县,4022,34000
40220295,4,保德县,4022,34000
40220296,4,偏关县,4022,34000
40220297,4,原平市,4022,34000
40230298,4,尧都区,4023,41000
40230299,4,曲沃县,4023,41000
40230300,4,翼城县,4023,41000
40230301,4,襄汾县,4023,41000
40230302,4,洪洞县,4023,41000
40230303,4,古县,4023,41000
40230304,4,安泽县,4023,41000
40230305,4,浮山县,4023,41000
40230306,4,吉县,4023,41000
40230307,4,乡宁县,4023,41000
40230308,4,大宁县,4023,41000
40230309,4,隰县,4023,41000
40230310,4,永和县,4023,41000
40230311,4,蒲县,4023,41000
40230312,4,汾西县,4023,41000
40230313,4,侯马市,4023,41000
40230314,4,霍州市,4023,41000
40240315,4,离石区,4024,30500
40240316,4,文水县,4024,30500
40240317,4,交城县,4024,30500
40240318,4,兴县,4024,30500
40240319,4,临县,4024,30500
40240320,4,柳林县,4024,30500
40240321,4,石楼县,4024,30500
40240322,4,岚县,4024,30500
40240323,4,方山县,4024,30500
40240324,4,中阳县,4024,30500
40240325,4,交口县,4024,30500
40240326,4,孝义市,4024,30500
40240327,4,汾阳市,4024,30500
50250328,4,新城区,5025,10000
50250329,4,回民区,5025,10000
50250330,4,玉泉区,5025,10000
50250331,4,赛罕区,5025,10000
50250332,4,土默特左旗,5025,10000
50250333,4,托克托县,5025,10000
50250334,4,和林格尔县,5025,10000
50250335,4,清水河县,5025,10000
50250336,4,武川县,5025,10000
50260337,4,东河区,5026,14000
50260338,4,昆都仑区,5026,14000
50260339,4,青山区,5026,14000
50260340,4,石拐区,5026,14000
50260341,4,白云矿区,5026,14000
50260342,4,九原区,5026,14000
50260343,4,土默特右旗,5026,14000
50260344,4,固阳县,5026,14000
50260345,4,达尔罕茂明安联合旗,5026,14000
50270346,4,海勃湾区,5027,16000
50270347,4,海南区,5027,16000
50270348,4,乌达区,5027,16000
50280349,4,红山区,5028,24000
50280350,4,元宝山区,5028,24000
50280351,4,松山区,5028,24000
50280352,4,阿鲁科尔沁旗,5028,24000
50280353,4,巴林左旗,5028,24000
50280354,4,巴林右旗,5028,24000
50280355,4,林西县,5028,24000
50280356,4,克什克腾旗,5028,24000
50280357,4,翁牛特旗,5028,24000
50280358,4,喀喇沁旗,5028,24000
50280359,4,宁城县,5028,24000
50280360,4,敖汉旗,5028,24000
50290361,4,科尔沁区,5029,28000
50290362,4,科尔沁左翼中旗,5029,28000
50290363,4,科尔沁左翼后旗,5029,28000
50290364,4,开鲁县,5029,28000
50290365,4,库伦旗,5029,28000
50290366,4,奈曼旗,5029,28000
50290367,4,扎鲁特旗,5029,28000
50290368,4,霍林郭勒市,5029,28000
50300369,4,东胜区,5030,10300
50300370,4,达拉特旗,5030,10300
50300371,4,准格尔旗,5030,10300
50300372,4,鄂托克前旗,5030,10300
50300373,4,鄂托克旗,5030,10300
50300374,4,杭锦旗,5030,10300
50300375,4,乌审旗,5030,10300
50300376,4,伊金霍洛旗,5030,10300
50310377,4,海拉尔区,5031,21000
50310378,4,阿荣旗,5031,21000
50310379,4,莫力达瓦达斡尔族自治旗,5031,21000
50310380,4,鄂伦春自治旗,5031,21000
50310381,4,鄂温克族自治旗,5031,21000
50310382,4,陈巴尔虎旗,5031,21000
50310383,4,新巴尔虎左旗,5031,21000
50310384,4,新巴尔虎右旗,5031,21000
50310385,4,满洲里市,5031,21000
50310386,4,牙克石市,5031,21000
50310387,4,扎兰屯市,5031,21000
50310388,4,额尔古纳市,5031,21000
50310389,4,根河市,5031,21000
50320390,4,临河区,5032,14400
50320391,4,五原县,5032,14400
50320392,4,磴口县,5032,14400
50320393,4,乌拉特前旗,5032,14400
50320394,4,乌拉特中旗,5032,14400
50320395,4,乌拉特后旗,5032,14400
50320396,4,杭锦后旗,5032,14400
50330397,4,集宁区,5033,11800
50330398,4,卓资县,5033,11800
50330399,4,化德县,5033,11800
50330400,4,商都县,5033,11800
50330401,4,兴和县,5033,11800
50330402,4,凉城县,5033,11800
50330403,4,察哈尔右翼前旗,5033,11800
50330404,4,察哈尔右翼中旗,5033,11800
50330405,4,察哈尔右翼后旗,5033,11800
50330406,4,四子王旗,5033,11800
50330407,4,丰镇市,5033,11800
50340408,4,乌兰浩特市,5034,137500
50340409,4,阿尔山市,5034,137500
50340410,4,科尔沁右翼前旗,5034,137500
50340411,4,科尔沁右翼中旗,5034,137500
50340412,4,扎赉特旗,5034,137500
50340413,4,突泉县,5034,137500
50350414,4,二连浩特市,5035,11100
50350415,4,锡林浩特市,5035,11100
50350416,4,阿巴嘎旗,5035,11100
50350417,4,苏尼特左旗,5035,11100
50350418,4,苏尼特右旗,5035,11100
50350419,4,东乌珠穆沁旗,5035,11100
50350420,4,西乌珠穆沁旗,5035,11100
50350421,4,太仆寺旗,5035,11100
50350422,4,镶黄旗,5035,11100
50350423,4,正镶白旗,5035,11100
50350424,4,正蓝旗,5035,11100
50350425,4,多伦县,5035,11100
50360426,4,阿拉善左旗,5036,16000
50360427,4,阿拉善右旗,5036,16000
50360428,4,额济纳旗,5036,16000
60370429,4,和平区,6037,110000
60370430,4,沈河区,6037,110000
60370431,4,大东区,6037,110000
60370432,4,皇姑区,6037,110000
60370433,4,铁西区,6037,110000
60370434,4,苏家屯区,6037,110000
60370435,4,东陵区,6037,110000
60370436,4,新城子区,6037,110000
60370437,4,于洪区,6037,110000
60370438,4,辽中县,6037,110000
60370439,4,康平县,6037,110000
60370440,4,法库县,6037,110000
60370441,4,新民市,6037,110000
60380442,4,中山区,6038,116000
60380443,4,西岗区,6038,116000
60380444,4,沙河口区,6038,116000
60380445,4,甘井子区,6038,116000
60380446,4,旅顺口区,6038,116000
60380447,4,金州区,6038,116000
60380448,4,长海县,6038,116000
60380449,4,瓦房店市,6038,116000
60380450,4,普兰店市,6038,116000
60380451,4,庄河市,6038,116000
60390452,4,铁东区,6039,114000
60390453,4,铁西区,6039,114000
60390454,4,立山区,6039,114000
60390455,4,千山区,6039,114000
60390456,4,台安县,6039,114000
60390457,4,岫岩满族自治县,6039,114000
60390458,4,海城市,6039,114000
60400459,4,新抚区,6040,113000
60400460,4,东洲区,6040,113000
60400461,4,望花区,6040,113000
60400462,4,顺城区,6040,113000
60400463,4,抚顺县,6040,113000
60400464,4,新宾满族自治县,6040,113000
60400465,4,清原满族自治县,6040,113000
60410466,4,平山区,6041,117000
60410467,4,溪湖区,6041,117000
60410468,4,明山区,6041,117000
60410469,4,南芬区,6041,117000
60410470,4,本溪满族自治县,6041,117000
60410471,4,桓仁满族自治县,6041,117000
60420472,4,元宝区,6042,118000
60420473,4,振兴区,6042,118000
60420474,4,振安区,6042,118000
60420475,4,宽甸满族自治县,6042,118000
60420476,4,东港市,6042,118000
60420477,4,凤城市,6042,118000
60430478,4,古塔区,6043,121000
60430479,4,凌河区,6043,121000
60430480,4,太和区,6043,121000
60430481,4,黑山县,6043,121000
60430482,4,义县,6043,121000
60430483,4,凌海市,6043,121000
60430484,4,北宁市,6043,121000
60440485,4,站前区,6044,115000
60440486,4,西市区,6044,115000
60440487,4,鲅鱼圈区,6044,115000
60440488,4,老边区,6044,115000
60440489,4,盖州市,6044,115000
60440490,4,大石桥市,6044,115000
60450491,4,海州区,6045,123000
60450492,4,新邱区,6045,123000
60450493,4,太平区,6045,123000
60450494,4,清河门区,6045,123000
60450495,4,细河区,6045,123000
60450496,4,阜新蒙古族自治县,6045,123000
60450497,4,彰武县,6045,123000
60460498,4,白塔区,6046,111000
60460499,4,文圣区,6046,111000
60460500,4,宏伟区,6046,111000
60460501,4,弓长岭区,6046,111000
60460502,4,太子河区,6046,111000
60460503,4,辽阳县,6046,111000
60460504,4,灯塔市,6046,111000
60470505,4,双台子区,6047,124000
60470506,4,兴隆台区,6047,124000
60470507,4,大洼县,6047,124000
60470508,4,盘山县,6047,124000
60480509,4,银州区,6048,112000
60480510,4,清河区,6048,112000
60480511,4,铁岭县,6048,112000
60480512,4,西丰县,6048,112000
60480513,4,昌图县,6048,112000
60480514,4,调兵山市,6048,112000
60480515,4,开原市,6048,112000
60490516,4,双塔区,6049,122000
60490517,4,龙城区,6049,122000
60490518,4,朝阳县,6049,122000
60490519,4,建平县,6049,122000
60490520,4,喀喇沁左翼蒙古族自治县,6049,122000
60490521,4,北票市,6049,122000
60490522,4,凌源市,6049,122000
60500523,4,连山区,6050,125000
60500524,4,龙港区,6050,125000
60500525,4,南票区,6050,125000
60500526,4,绥中县,6050,125000
60500527,4,建昌县,6050,125000
60500528,4,兴城市,6050,125000
70510529,4,南关区,7051,130000
70510530,4,宽城区,7051,130000
70510531,4,朝阳区,7051,130000
70510532,4,二道区,7051,130000
70510533,4,绿园区,7051,130000
70510534,4,双阳区,7051,130000
70510535,4,农安县,7051,130000
70510536,4,九台市,7051,130000
70510537,4,榆树市,7051,130000
70510538,4,德惠市,7051,130000
70520539,4,昌邑区,7052,132000
70520540,4,龙潭区,7052,132000
70520541,4,船营区,7052,132000
70520542,4,丰满区,7052,132000
70520543,4,永吉县,7052,132000
70520544,4,蛟河市,7052,132000
70520545,4,桦甸市,7052,132000
70520546,4,舒兰市,7052,132000
70520547,4,磐石市,7052,132000
70530548,4,铁西区,7053,136000
70530549,4,铁东区,7053,136000
70530550,4,梨树县,7053,136000
70530551,4,伊通满族自治县,7053,136000
70530552,4,公主岭市,7053,136000
70530553,4,双辽市,7053,136000
70540554,4,龙山区,7054,136200
70540555,4,西安区,7054,136200
70540556,4,东丰县,7054,136200
70540557,4,东辽县,7054,136200
70550558,4,东昌区,7055,134000
70550559,4,二道江区,7055,134000
70550560,4,通化县,7055,134000
70550561,4,辉南县,7055,134000
70550562,4,柳河县,7055,134000
70550563,4,梅河口市,7055,134000
70550564,4,集安市,7055,134000
70560565,4,八道江区,7056,134300
70560566,4,抚松县,7056,134300
70560567,4,靖宇县,7056,134300
70560568,4,长白朝鲜族自治县,7056,134300
70560569,4,江源县,7056,134300
70560570,4,临江市,7056,134300
70570571,4,宁江区,7057,131100
70570572,4,前郭尔罗斯蒙古族自治县,7057,131100
70570573,4,长岭县,7057,131100
70570574,4,乾安县,7057,131100
70570575,4,扶余县,7057,131100
70580576,4,洮北区,7058,137000
70580577,4,镇赉县,7058,137000
70580578,4,通榆县,7058,137000
70580579,4,洮南市,7058,137000
70580580,4,大安市,7058,137000
70590581,4,延吉市,7059,133000
70590582,4,图们市,7059,133000
70590583,4,敦化市,7059,133000
70590584,4,珲春市,7059,133000
70590585,4,龙井市,7059,133000
70590586,4,和龙市,7059,133000
70590587,4,汪清县,7059,133000
70590588,4,安图县,7059,133000
80600589,4,道里区,8060,150000
80600590,4,南岗区,8060,150000
80600591,4,道外区,8060,150000
80600592,4,香坊区,8060,150000
80600593,4,动力区,8060,150000
80600594,4,平房区,8060,150000
80600595,4,松北区,8060,150000
80600596,4,呼兰区,8060,150000
80600597,4,依兰县,8060,150000
80600598,4,方正县,8060,150000
80600599,4,宾县,8060,150000
80600600,4,巴彦县,8060,150000
80600601,4,木兰县,8060,150000
80600602,4,通河县,8060,150000
80600603,4,延寿县,8060,150000
80600604,4,阿城市,8060,150000
80600605,4,双城市,8060,150000
80600606,4,尚志市,8060,150000
80600607,4,五常市,8060,150000
80610608,4,龙沙区,8061,161000
80610609,4,建华区,8061,161000
80610610,4,铁锋区,8061,161000
80610611,4,昂昂溪区,8061,161000
80610612,4,富拉尔基区,8061,161000
80610613,4,碾子山区,8061,161000
80610614,4,梅里斯达斡尔族区,8061,161000
80610615,4,龙江县,8061,161000
80610616,4,依安县,8061,161000
80610617,4,泰来县,8061,161000
80610618,4,甘南县,8061,161000
80610619,4,富裕县,8061,161000
80610620,4,克山县,8061,161000
80610621,4,克东县,8061,161000
80610622,4,拜泉县,8061,161000
80610623,4,讷河市,8061,161000
80620624,4,鸡冠区,8062,158100
80620625,4,恒山区,8062,158100
80620626,4,滴道区,8062,158100
80620627,4,梨树区,8062,158100
80620628,4,城子河区,8062,158100
80620629,4,麻山区,8062,158100
80620630,4,鸡东县,8062,158100
80620631,4,虎林市,8062,158100
80620632,4,密山市,8062,158100
80630633,4,向阳区,8063,154100
80630634,4,工农区,8063,154100
80630635,4,南山区,8063,154100
80630636,4,兴安区,8063,154100
80630637,4,东山区,8063,154100
80630638,4,兴山区,8063,154100
80630639,4,萝北县,8063,154100
80630640,4,绥滨县,8063,154100
80640641,4,尖山区,8064,155100
80640642,4,岭东区,8064,155100
80640643,4,四方台区,8064,155100
80640644,4,宝山区,8064,155100
80640645,4,集贤县,8064,155100
80640646,4,友谊县,8064,155100
80640647,4,宝清县,8064,155100
80640648,4,饶河县,8064,155100
80650649,4,萨尔图区,8065,163000
80650650,4,龙凤区,8065,163000
80650651,4,让胡路区,8065,163000
80650652,4,红岗区,8065,163000
80650653,4,大同区,8065,163000
80650654,4,肇州县,8065,163000
80650655,4,肇源县,8065,163000
80650656,4,林甸县,8065,163000
80650657,4,杜尔伯特蒙古族自治县,8065,163000
80660658,4,伊春区,8066,152300
80660659,4,南岔区,8066,152300
80660660,4,友好区,8066,152300
80660661,4,西林区,8066,152300
80660662,4,翠峦区,8066,152300
80660663,4,新青区,8066,152300
80660664,4,美溪区,8066,152300
80660665,4,金山屯区,8066,152300
80660666,4,五营区,8066,152300
80660667,4,乌马河区,8066,152300
80660668,4,汤旺河区,8066,152300
80660669,4,带岭区,8066,152300
80660670,4,乌伊岭区,8066,152300
80660671,4,红星区,8066,152300
80660672,4,上甘岭区,8066,152300
80660673,4,嘉荫县,8066,152300
80660674,4,铁力市,8066,152300
80670675,4,永红区,8067,154000
80670676,4,向阳区,8067,154000
80670677,4,前进区,8067,154000
80670678,4,东风区,8067,154000
80670679,4,郊区,8067,154000
80670680,4,桦南县,8067,154000
80670681,4,桦川县,8067,154000
80670682,4,汤原县,8067,154000
80670683,4,抚远县,8067,154000
80670684,4,同江市,8067,154000
80670685,4,富锦市,8067,154000
80680686,4,新兴区,8068,154600
80680687,4,桃山区,8068,154600
80680688,4,茄子河区,8068,154600
80680689,4,勃利县,8068,154600
80690690,4,东安区,8069,157000
80690691,4,阳明区,8069,157000
80690692,4,爱民区,8069,157000
80690693,4,西安区,8069,157000
80690694,4,东宁县,8069,157000
80690695,4,林口县,8069,157000
80690696,4,绥芬河市,8069,157000
80690697,4,海林市,8069,157000
80690698,4,宁安市,8069,157000
80690699,4,穆棱市,8069,157000
80700700,4,爱辉区,8070,164300
80700701,4,嫩江县,8070,164300
80700702,4,逊克县,8070,164300
80700703,4,孙吴县,8070,164300
80700704,4,北安市,8070,164300
80700705,4,五大连池市,8070,164300
80710706,4,北林区,8071,152000
80710707,4,望奎县,8071,152000
80710708,4,兰西县,8071,152000
80710709,4,青冈县,8071,152000
80710710,4,庆安县,8071,152000
80710711,4,明水县,8071,152000
80710712,4,绥棱县,8071,152000
80710713,4,安达市,8071,152000
80710714,4,肇东市,8071,152000
80710715,4,海伦市,8071,152000
80720716,4,呼玛县,8072,165000
80720717,4,塔河县,8072,165000
80720718,4,漠河县,8072,165000
90730719,4,黄浦区,9073,200000
90730720,4,卢湾区,9073,200000
90730721,4,徐汇区,9073,200000
90730722,4,长宁区,9073,200000
90730723,4,静安区,9073,200000
90730724,4,普陀区,9073,200000
90730725,4,闸北区,9073,200000
90730726,4,虹口区,9073,200000
90730727,4,杨浦区,9073,200000
90730728,4,闵行区,9073,200000
90730729,4,宝山区,9073,200000
90730730,4,嘉定区,9073,200000
90730731,4,浦东新区,9073,200000
90730732,4,金山区,9073,200000
90730733,4,松江区,9073,200000
90730734,4,青浦区,9073,200000
90730735,4,南汇区,9073,200000
90730736,4,奉贤区,9073,200000
90730737,4,崇明县,9073,200000
100740738,4,玄武区,10074,210000
100740739,4,白下区,10074,210000
100740740,4,秦淮区,10074,210000
100740741,4,建邺区,10074,210000
100740742,4,鼓楼区,10074,210000
100740743,4,下关区,10074,210000
100740744,4,浦口区,10074,210000
100740745,4,栖霞区,10074,210000
100740746,4,雨花台区,10074,210000
100740747,4,江宁区,10074,210000
100740748,4,六合区,10074,210000
100740749,4,溧水县,10074,210000
100740750,4,高淳县,10074,210000
100750751,4,崇安区,10075,214000
100750752,4,南长区,10075,214000
100750753,4,北塘区,10075,214000
100750754,4,锡山区,10075,214000
100750755,4,惠山区,10075,214000
100750756,4,滨湖区,10075,214000
100750757,4,江阴市,10075,214000
100750758,4,宜兴市,10075,214000
100760759,4,鼓楼区,10076,221000
100760760,4,云龙区,10076,221000
100760761,4,九里区,10076,221000
100760762,4,贾汪区,10076,221000
100760763,4,泉山区,10076,221000
100760764,4,丰县,10076,221000
100760765,4,沛县,10076,221000
100760766,4,铜山县,10076,221000
100760767,4,睢宁县,10076,221000
100760768,4,新沂市,10076,221000
100760769,4,邳州市,10076,221000
100770770,4,天宁区,10077,213000
100770771,4,钟楼区,10077,213000
100770772,4,戚墅堰区,10077,213000
100770773,4,新北区,10077,213000
100770774,4,武进区,10077,213000
100770775,4,溧阳市,10077,213000
100770776,4,金坛市,10077,213000
100780777,4,沧浪区,10078,215000
100780778,4,平江区,10078,215000
100780779,4,金阊区,10078,215000
100780780,4,虎丘区,10078,215000
100780781,4,吴中区,10078,215000
100780782,4,相城区,10078,215000
100780783,4,常熟市,10078,215000
100780784,4,张家港市,10078,215000
100780785,4,昆山市,10078,215000
100780786,4,吴江市,10078,215000
100780787,4,太仓市,10078,215000
100790788,4,崇川区,10079,226000
100790789,4,港闸区,10079,226000
100790790,4,海安县,10079,226000
100790791,4,如东县,10079,226000
100790792,4,启东市,10079,226000
100790793,4,如皋市,10079,226000
100790794,4,通州市,10079,226000
100790795,4,海门市,10079,226000
100800796,4,连云区,10080,222000
100800797,4,新浦区,10080,222000
100800798,4,海州区,10080,222000
100800799,4,赣榆县,10080,222000
100800800,4,东海县,10080,222000
100800801,4,灌云县,10080,222000
100800802,4,灌南县,10080,222000
100810803,4,清河区,10081,223200
100810804,4,楚州区,10081,223200
100810805,4,淮阴区,10081,223200
100810806,4,清浦区,10081,223200
100810807,4,涟水县,10081,223200
100810808,4,洪泽县,10081,223200
100810809,4,盱眙县,10081,223200
100810810,4,金湖县,10081,223200
100820811,4,亭湖区,10082,224000
100820812,4,盐都区,10082,224000
100820813,4,响水县,10082,224000
100820814,4,滨海县,10082,224000
100820815,4,阜宁县,10082,224000
100820816,4,射阳县,10082,224000
100820817,4,建湖县,10082,224000
100820818,4,东台市,10082,224000
100820819,4,大丰市,10082,224000
100830820,4,广陵区,10083,225000
100830821,4,邗江区,10083,225000
100830822,4,维扬区,10083,225000
100830823,4,宝应县,10083,225000
100830824,4,仪征市,10083,225000
100830825,4,高邮市,10083,225000
100830826,4,江都市,10083,225000
100840827,4,京口区,10084,212000
100840828,4,润州区,10084,212000
100840829,4,丹徒区,10084,212000
100840830,4,丹阳市,10084,212000
100840831,4,扬中市,10084,212000
100840832,4,句容市,10084,212000
100850833,4,海陵区,10085,225300
100850834,4,高港区,10085,225300
100850835,4,兴化市,10085,225300
100850836,4,靖江市,10085,225300
100850837,4,泰兴市,10085,225300
100850838,4,姜堰市,10085,225300
100860839,4,宿城区,10086,223800
100860840,4,宿豫区,10086,223800
100860841,4,沭阳县,10086,223800
100860842,4,泗阳县,10086,223800
100860843,4,泗洪县,10086,223800
110870844,4,上城区,11087,310000
110870845,4,下城区,11087,310000
110870846,4,江干区,11087,310000
110870847,4,拱墅区,11087,310000
110870848,4,西湖区,11087,310000
110870849,4,滨江区,11087,310000
110870850,4,萧山区,11087,310000
110870851,4,余杭区,11087,310000
110870852,4,桐庐县,11087,310000
110870853,4,淳安县,11087,310000
110870854,4,建德市,11087,310000
110870855,4,富阳市,11087,310000
110870856,4,临安市,11087,310000
110880857,4,海曙区,11088,315000
110880858,4,江东区,11088,315000
110880859,4,江北区,11088,315000
110880860,4,北仑区,11088,315000
110880861,4,镇海区,11088,315000
110880862,4,鄞州区,11088,315000
110880863,4,象山县,11088,315000
110880864,4,宁海县,11088,315000
110880865,4,余姚市,11088,315000
110880866,4,慈溪市,11088,315000
110880867,4,奉化市,11088,315000
110890868,4,鹿城区,11089,325000
110890869,4,龙湾区,11089,325000
110890870,4,瓯海区,11089,325000
110890871,4,洞头县,11089,325000
110890872,4,永嘉县,11089,325000
110890873,4,平阳县,11089,325000
110890874,4,苍南县,11089,325000
110890875,4,文成县,11089,325000
110890876,4,泰顺县,11089,325000
110890877,4,瑞安市,11089,325000
110890878,4,乐清市,11089,325000
110900879,4,秀城区,11090,314000
110900880,4,秀洲区,11090,314000
110900881,4,嘉善县,11090,314000
110900882,4,海盐县,11090,314000
110900883,4,海宁市,11090,314000
110900884,4,平湖市,11090,314000
110900885,4,桐乡市,11090,314000
110910886,4,吴兴区,11091,313000
110910887,4,南浔区,11091,313000
110910888,4,德清县,11091,313000
110910889,4,长兴县,11091,313000
110910890,4,安吉县,11091,313000
110920891,4,越城区,11092,312000
110920892,4,绍兴县,11092,312000
110920893,4,新昌县,11092,312000
110920894,4,诸暨市,11092,312000
110920895,4,上虞市,11092,312000
110920896,4,嵊州市,11092,312000
110930897,4,婺城区,11093,321000
110930898,4,金东区,11093,321000
110930899,4,武义县,11093,321000
110930900,4,浦江县,11093,321000
110930901,4,磐安县,11093,321000
110930902,4,兰溪市,11093,321000
110930903,4,义乌市,11093,321000
110930904,4,东阳市,11093,321000
110930905,4,永康市,11093,321000
110940906,4,柯城区,11094,324000
110940907,4,衢江区,11094,324000
110940908,4,常山县,11094,324000
110940909,4,开化县,11094,324000
110940910,4,龙游县,11094,324000
110940911,4,江山市,11094,324000
110950912,4,定海区,11095,316000
110950913,4,普陀区,11095,316000
110950914,4,岱山县,11095,316000
110950915,4,嵊泗县,11095,316000
110960916,4,椒江区,11096,318000
110960917,4,黄岩区,11096,318000
110960918,4,路桥区,11096,318000
110960919,4,玉环县,11096,318000
110960920,4,三门县,11096,318000
110960921,4,天台县,11096,318000
110960922,4,仙居县,11096,318000
110960923,4,温岭市,11096,318000
110960924,4,临海市,11096,318000
110970925,4,莲都区,11097,323000
110970926,4,青田县,11097,323000
110970927,4,缙云县,11097,323000
110970928,4,遂昌县,11097,323000
110970929,4,松阳县,11097,323000
110970930,4,云和县,11097,323000
110970931,4,庆元县,11097,323000
110970932,4,景宁畲族自治县,11097,323000
110970933,4,龙泉市,11097,323000
120980934,4,瑶海区,12098,230000
120980935,4,庐阳区,12098,230000
120980936,4,蜀山区,12098,230000
120980937,4,包河区,12098,230000
120980938,4,长丰县,12098,230000
120980939,4,肥东县,12098,230000
120980940,4,肥西县,12098,230000
120990941,4,镜湖区,12099,241000
120990942,4,马塘区,12099,241000
120990943,4,新芜区,12099,241000
120990944,4,鸠江区,12099,241000
120990945,4,芜湖县,12099,241000
120990946,4,繁昌县,12099,241000
120990947,4,南陵县,12099,241000
121000948,4,龙子湖区,12100,233000
121000949,4,蚌山区,12100,233000
121000950,4,禹会区,12100,233000
121000951,4,淮上区,12100,233000
121000952,4,怀远县,12100,233000
121000953,4,五河县,12100,233000
121000954,4,固镇县,12100,233000
121010955,4,大通区,12101,232000
121010956,4,田家庵区,12101,232000
121010957,4,谢家集区,12101,232000
121010958,4,八公山区,12101,232000
121010959,4,潘集区,12101,232000
121010960,4,凤台县,12101,232000
121020961,4,金家庄区,12102,243000
121020962,4,花山区,12102,243000
121020963,4,雨山区,12102,243000
121020964,4,当涂县,12102,243000
121030965,4,杜集区,12103,235000
121030966,4,相山区,12103,235000
121030967,4,烈山区,12103,235000
121030968,4,濉溪县,12103,235000
121040969,4,铜官山区,12104,244000
121040970,4,狮子山区,12104,244000
121040971,4,郊区,12104,244000
121040972,4,铜陵县,12104,244000
121050973,4,迎江区,12105,246000
121050974,4,大观区,12105,246000
121050975,4,郊区,12105,246000
121050976,4,怀宁县,12105,246000
121050977,4,枞阳县,12105,246000
121050978,4,潜山县,12105,246000
121050979,4,太湖县,12105,246000
121050980,4,宿松县,12105,246000
121050981,4,望江县,12105,246000
121050982,4,岳西县,12105,246000
121050983,4,桐城市,12105,246000
121060984,4,屯溪区,12106,242700
121060985,4,黄山区,12106,242700
121060986,4,徽州区,12106,242700
121060987,4,歙县,12106,242700
121060988,4,休宁县,12106,242700
121060989,4,黟县,12106,242700
121060990,4,祁门县,12106,242700
121070991,4,琅琊区,12107,239000
121070992,4,南谯区,12107,239000
121070993,4,来安县,12107,239000
121070994,4,全椒县,12107,239000
121070995,4,定远县,12107,239000
121070996,4,凤阳县,12107,239000
121070997,4,天长市,12107,239000
121070998,4,明光市,12107,239000
121080999,4,颍州区,12108,236100
121081000,4,颍东区,12108,236100
121081001,4,颍泉区,12108,236100
121081002,4,临泉县,12108,236100
121081003,4,太和县,12108,236100
121081004,4,阜南县,12108,236100
121081005,4,颍上县,12108,236100
121081006,4,界首市,12108,236100
121091007,4,埇桥区,12109,234100
121091008,4,砀山县,12109,234100
121091009,4,萧县,12109,234100
121091010,4,灵璧县,12109,234100
121091011,4,泗县,12109,234100
121101012,4,居巢区,12110,238000
121101013,4,庐江县,12110,238000
121101014,4,无为县,12110,238000
121101015,4,含山县,12110,238000
121101016,4,和县,12110,238000
121111017,4,金安区,12111,237000
121111018,4,裕安区,12111,237000
121111019,4,寿县,12111,237000
121111020,4,霍邱县,12111,237000
121111021,4,舒城县,12111,237000
121111022,4,金寨县,12111,237000
121111023,4,霍山县,12111,237000
121121024,4,谯城区,12112,236800
121121025,4,涡阳县,12112,236800
121121026,4,蒙城县,12112,236800
121121027,4,利辛县,12112,236800
121131028,4,贵池区,12113,247100
121131029,4,东至县,12113,247100
121131030,4,石台县,12113,247100
121131031,4,青阳县,12113,247100
121141032,4,宣州区,12114,366000
121141033,4,郎溪县,12114,366000
121141034,4,广德县,12114,366000
121141035,4,泾县,12114,366000
121141036,4,绩溪县,12114,366000
121141037,4,旌德县,12114,366000
121141038,4,宁国市,12114,366000
131151039,4,鼓楼区,13115,350000
131151040,4,台江区,13115,350000
131151041,4,仓山区,13115,350000
131151042,4,马尾区,13115,350000
131151043,4,晋安区,13115,350000
131151044,4,闽侯县,13115,350000
131151045,4,连江县,13115,350000
131151046,4,罗源县,13115,350000
131151047,4,闽清县,13115,350000
131151048,4,永泰县,13115,350000
131151049,4,平潭县,13115,350000
131151050,4,福清市,13115,350000
131151051,4,长乐市,13115,350000
131161052,4,思明区,13116,361000
131161053,4,海沧区,13116,361000
131161054,4,湖里区,13116,361000
131161055,4,集美区,13116,361000
131161056,4,同安区,13116,361000
131161057,4,翔安区,13116,361000
131171058,4,城厢区,13117,351100
131171059,4,涵江区,13117,351100
131171060,4,荔城区,13117,351100
131171061,4,秀屿区,13117,351100
131171062,4,仙游县,13117,351100
131181063,4,梅列区,13118,365000
131181064,4,三元区,13118,365000
131181065,4,明溪县,13118,365000
131181066,4,清流县,13118,365000
131181067,4,宁化县,13118,365000
131181068,4,大田县,13118,365000
131181069,4,尤溪县,13118,365000
131181070,4,沙县,13118,365000
131181071,4,将乐县,13118,365000
131181072,4,泰宁县,13118,365000
131181073,4,建宁县,13118,365000
131181074,4,永安市,13118,365000
131191075,4,鲤城区,13119,362000
131191076,4,丰泽区,13119,362000
131191077,4,洛江区,13119,362000
131191078,4,泉港区,13119,362000
131191079,4,惠安县,13119,362000
131191080,4,安溪县,13119,362000
131191081,4,永春县,13119,362000
131191082,4,德化县,13119,362000
131191083,4,金门县,13119,362000
131191084,4,石狮市,13119,362000
131191085,4,晋江市,13119,362000
131191086,4,南安市,13119,362000
131201087,4,芗城区,13120,363000
131201088,4,龙文区,13120,363000
131201089,4,云霄县,13120,363000
131201090,4,漳浦县,13120,363000
131201091,4,诏安县,13120,363000
131201092,4,长泰县,13120,363000
131201093,4,东山县,13120,363000
131201094,4,南靖县,13120,363000
131201095,4,平和县,13120,363000
131201096,4,华安县,13120,363000
131201097,4,龙海市,13120,363000
131211098,4,延平区,13121,353000
131211099,4,顺昌县,13121,353000
131211100,4,浦城县,13121,353000
131211101,4,光泽县,13121,353000
131211102,4,松溪县,13121,353000
131211103,4,政和县,13121,353000
131211104,4,邵武市,13121,353000
131211105,4,武夷山市,13121,353000
131211106,4,建瓯市,13121,353000
131211107,4,建阳市,13121,353000
131221108,4,新罗区,13122,364000
131221109,4,长汀县,13122,364000
131221110,4,永定县,13122,364000
131221111,4,上杭县,13122,364000
131221112,4,武平县,13122,364000
131221113,4,连城县,13122,364000
131221114,4,漳平市,13122,364000
131231115,4,蕉城区,13123,352100
131231116,4,霞浦县,13123,352100
131231117,4,古田县,13123,352100
131231118,4,屏南县,13123,352100
131231119,4,寿宁县,13123,352100
131231120,4,周宁县,13123,352100
131231121,4,柘荣县,13123,352100
131231122,4,福安市,13123,352100
131231123,4,福鼎市,13123,352100
141241124,4,东湖区,14124,330000
141241125,4,西湖区,14124,330000
141241126,4,青云谱区,14124,330000
141241127,4,湾里区,14124,330000
141241128,4,青山湖区,14124,330000
141241129,4,南昌县,14124,330000
141241130,4,新建县,14124,330000
141241131,4,安义县,14124,330000
141241132,4,进贤县,14124,330000
141251133,4,昌江区,14125,333000
141251134,4,珠山区,14125,333000
141251135,4,浮梁县,14125,333000
141251136,4,乐平市,14125,333000
141261137,4,安源区,14126,337000
141261138,4,湘东区,14126,337000
141261139,4,莲花县,14126,337000
141261140,4,上栗县,14126,337000
141261141,4,芦溪县,14126,337000
141271142,4,庐山区,14127,332000
141271143,4,浔阳区,14127,332000
141271144,4,九江县,14127,332000
141271145,4,武宁县,14127,332000
141271146,4,修水县,14127,332000
141271147,4,永修县,14127,332000
141271148,4,德安县,14127,332000
141271149,4,星子县,14127,332000
141271150,4,都昌县,14127,332000
141271151,4,湖口县,14127,332000
141271152,4,彭泽县,14127,332000
141271153,4,瑞昌市,14127,332000
141281154,4,渝水区,14128,338000
141281155,4,分宜县,14128,338000
141291156,4,月湖区,14129,335000
141291157,4,余江县,14129,335000
141291158,4,贵溪市,14129,335000
141301159,4,章贡区,14130,341000
141301160,4,赣县,14130,341000
141301161,4,信丰县,14130,341000
141301162,4,大余县,14130,341000
141301163,4,上犹县,14130,341000
141301164,4,崇义县,14130,341000
141301165,4,安远县,14130,341000
141301166,4,龙南县,14130,341000
141301167,4,定南县,14130,341000
141301168,4,全南县,14130,341000
141301169,4,宁都县,14130,341000
141301170,4,于都县,14130,341000
141301171,4,兴国县,14130,341000
141301172,4,会昌县,14130,341000
141301173,4,寻乌县,14130,341000
141301174,4,石城县,14130,341000
141301175,4,瑞金市,14130,341000
141301176,4,南康市,14130,341000
141311177,4,吉州区,14131,343000
141311178,4,青原区,14131,343000
141311179,4,吉安县,14131,343000
141311180,4,吉水县,14131,343000
141311181,4,峡江县,14131,343000
141311182,4,新干县,14131,343000
141311183,4,永丰县,14131,343000
141311184,4,泰和县,14131,343000
141311185,4,遂川县,14131,343000
141311186,4,万安县,14131,343000
141311187,4,安福县,14131,343000
141311188,4,永新县,14131,343000
141311189,4,井冈山市,14131,343000
141321190,4,袁州区,14132,336000
141321191,4,奉新县,14132,336000
141321192,4,万载县,14132,336000
141321193,4,上高县,14132,336000
141321194,4,宜丰县,14132,336000
141321195,4,靖安县,14132,336000
141321196,4,铜鼓县,14132,336000
141321197,4,丰城市,14132,336000
141321198,4,樟树市,14132,336000
141321199,4,高安市,14132,336000
141331200,4,临川区,14133,332900
141331201,4,南城县,14133,332900
141331202,4,黎川县,14133,332900
141331203,4,南丰县,14133,332900
141331204,4,崇仁县,14133,332900
141331205,4,乐安县,14133,332900
141331206,4,宜黄县,14133,332900
141331207,4,金溪县,14133,332900
141331208,4,资溪县,14133,332900
141331209,4,东乡县,14133,332900
141331210,4,广昌县,14133,332900
141341211,4,信州区,14134,334000
141341212,4,上饶县,14134,334000
141341213,4,广丰县,14134,334000
141341214,4,玉山县,14134,334000
141341215,4,铅山县,14134,334000
141341216,4,横峰县,14134,334000
141341217,4,弋阳县,14134,334000
141341218,4,余干县,14134,334000
141341219,4,鄱阳县,14134,334000
141341220,4,万年县,14134,334000
141341221,4,婺源县,14134,334000
141341222,4,德兴市,14134,334000
151351223,4,历下区,15135,250000
151351224,4,市中区,15135,250000
151351225,4,槐荫区,15135,250000
151351226,4,天桥区,15135,250000
151351227,4,历城区,15135,250000
151351228,4,长清区,15135,250000
151351229,4,平阴县,15135,250000
151351230,4,济阳县,15135,250000
151351231,4,商河县,15135,250000
151351232,4,章丘市,15135,250000
151361233,4,市南区,15136,266000
151361234,4,市北区,15136,266000
151361235,4,四方区,15136,266000
151361236,4,黄岛区,15136,266000
151361237,4,崂山区,15136,266000
151361238,4,李沧区,15136,266000
151361239,4,城阳区,15136,266000
151361240,4,胶州市,15136,266000
151361241,4,即墨市,15136,266000
151361242,4,平度市,15136,266000
151361243,4,胶南市,15136,266000
151361244,4,莱西市,15136,266000
151371245,4,淄川区,15137,255000
151371246,4,张店区,15137,255000
151371247,4,博山区,15137,255000
151371248,4,临淄区,15137,255000
151371249,4,周村区,15137,255000
151371250,4,桓台县,15137,255000
151371251,4,高青县,15137,255000
151371252,4,沂源县,15137,255000
151381253,4,市中区,15138,277100
151381254,4,薛城区,15138,277100
151381255,4,峄城区,15138,277100
151381256,4,台儿庄区,15138,277100
151381257,4,山亭区,15138,277100
151381258,4,滕州市,15138,277100
151391259,4,东营区,15139,257000
151391260,4,河口区,15139,257000
151391261,4,垦利县,15139,257000
151391262,4,利津县,15139,257000
151391263,4,广饶县,15139,257000
151401264,4,芝罘区,15140,264000
151401265,4,福山区,15140,264000
151401266,4,牟平区,15140,264000
151401267,4,莱山区,15140,264000
151401268,4,长岛县,15140,264000
151401269,4,龙口市,15140,264000
151401270,4,莱阳市,15140,264000
151401271,4,莱州市,15140,264000
151401272,4,蓬莱市,15140,264000
151401273,4,招远市,15140,264000
151401274,4,栖霞市,15140,264000
151401275,4,海阳市,15140,264000
151411276,4,潍城区,15141,261000
151411277,4,寒亭区,15141,261000
151411278,4,坊子区,15141,261000
151411279,4,奎文区,15141,261000
151411280,4,临朐县,15141,261000
151411281,4,昌乐县,15141,261000
151411282,4,青州市,15141,261000
151411283,4,诸城市,15141,261000
151411284,4,寿光市,15141,261000
151411285,4,安丘市,15141,261000
151411286,4,高密市,15141,261000
151411287,4,昌邑市,15141,261000
151421288,4,市中区,15142,272100
151421289,4,任城区,15142,272100
151421290,4,微山县,15142,272100
151421291,4,鱼台县,15142,272100
151421292,4,金乡县,15142,272100
151421293,4,嘉祥县,15142,272100
151421294,4,汶上县,15142,272100
151421295,4,泗水县,15142,272100
151421296,4,梁山县,15142,272100
151421297,4,曲阜市,15142,272100
151421298,4,兖州市,15142,272100
151421299,4,邹城市,15142,272100
151431300,4,泰山区,15143,271000
151431301,4,岱岳区,15143,271000
151431302,4,宁阳县,15143,271000
151431303,4,东平县,15143,271000
151431304,4,新泰市,15143,271000
151431305,4,肥城市,15143,271000
151441306,4,环翠区,15144,265700
151441307,4,文登市,15144,265700
151441308,4,荣成市,15144,265700
151441309,4,乳山市,15144,265700
151451310,4,东港区,15145,276800
151451311,4,岚山区,15145,276800
151451312,4,五莲县,15145,276800
151451313,4,莒县,15145,276800
151461314,4,莱城区,15146,271100
151461315,4,钢城区,15146,271100
151471316,4,兰山区,15147,276000
151471317,4,罗庄区,15147,276000
151471318,4,河东区,15147,276000
151471319,4,沂南县,15147,276000
151471320,4,郯城县,15147,276000
151471321,4,沂水县,15147,276000
151471322,4,苍山县,15147,276000
151471323,4,费县,15147,276000
151471324,4,平邑县,15147,276000
151471325,4,莒南县,15147,276000
151471326,4,蒙阴县,15147,276000
151471327,4,临沭县,15147,276000
151481328,4,德城区,15148,253000
151481329,4,陵县,15148,253000
151481330,4,宁津县,15148,253000
151481331,4,庆云县,15148,253000
151481332,4,临邑县,15148,253000
151481333,4,齐河县,15148,253000
151481334,4,平原县,15148,253000
151481335,4,夏津县,15148,253000
151481336,4,武城县,15148,253000
151481337,4,乐陵市,15148,253000
151481338,4,禹城市,15148,253000
151491339,4,东昌府区,15149,252000
151491340,4,阳谷县,15149,252000
151491341,4,莘县,15149,252000
151491342,4,茌平县,15149,252000
151491343,4,东阿县,15149,252000
151491344,4,冠县,15149,252000
151491345,4,高唐县,15149,252000
151491346,4,临清市,15149,252000
151501347,4,滨城区,15150,256600
151501348,4,惠民县,15150,256600
151501349,4,阳信县,15150,256600
151501350,4,无棣县,15150,256600
151501351,4,沾化县,15150,256600
151501352,4,博兴县,15150,256600
151501353,4,邹平县,15150,256600
151511354,4,牡丹区,15151,255000
151511355,4,曹县,15151,255000
151511356,4,单县,15151,255000
151511357,4,成武县,15151,255000
151511358,4,巨野县,15151,255000
151511359,4,郓城县,15151,255000
151511360,4,鄄城县,15151,255000
151511361,4,定陶县,15151,255000
151511362,4,东明县,15151,255000
161521363,4,中原区,16152,450000
161521364,4,二七区,16152,450000
161521365,4,管城回族区,16152,450000
161521366,4,金水区,16152,450000
161521367,4,上街区,16152,450000
161521368,4,惠济区,16152,450000
161521369,4,中牟县,16152,450000
161521370,4,巩义市,16152,450000
161521371,4,荥阳市,16152,450000
161521372,4,新密市,16152,450000
161521373,4,新郑市,16152,450000
161521374,4,登封市,16152,450000
161531375,4,龙亭区,16153,475000
161531376,4,顺河回族区,16153,475000
161531377,4,鼓楼区,16153,475000
161531378,4,南关区,16153,475000
161531379,4,郊区,16153,475000
161531380,4,杞县,16153,475000
161531381,4,通许县,16153,475000
161531382,4,尉氏县,16153,475000
161531383,4,开封县,16153,475000
161531384,4,兰考县,16153,475000
161541385,4,老城区,16154,471000
161541386,4,西工区,16154,471000
161541387,4,廛河回族区,16154,471000
161541388,4,涧西区,16154,471000
161541389,4,吉利区,16154,471000
161541390,4,洛龙区,16154,471000
161541391,4,孟津县,16154,471000
161541392,4,新安县,16154,471000
161541393,4,栾川县,16154,471000
161541394,4,嵩县,16154,471000
161541395,4,汝阳县,16154,471000
161541396,4,宜阳县,16154,471000
161541397,4,洛宁县,16154,471000
161541398,4,伊川县,16154,471000
161541399,4,偃师市,16154,471000
161551400,4,新华区,16155,467000
161551401,4,卫东区,16155,467000
161551402,4,石龙区,16155,467000
161551403,4,湛河区,16155,467000
161551404,4,宝丰县,16155,467000
161551405,4,叶县,16155,467000
161551406,4,鲁山县,16155,467000
161551407,4,郏县,16155,467000
161551408,4,舞钢市,16155,467000
161551409,4,汝州市,16155,467000
161561410,4,文峰区,16156,454900
161561411,4,北关区,16156,454900
161561412,4,殷都区,16156,454900
161561413,4,龙安区,16156,454900
161561414,4,安阳县,16156,454900
161561415,4,汤阴县,16156,454900
161561416,4,滑县,16156,454900
161561417,4,内黄县,16156,454900
161561418,4,林州市,16156,454900
161571419,4,鹤山区,16157,456600
161571420,4,山城区,16157,456600
161571421,4,淇滨区,16157,456600
161571422,4,浚县,16157,456600
161571423,4,淇县,16157,456600
161581424,4,红旗区,16158,453000
161581425,4,卫滨区,16158,453000
161581426,4,凤泉区,16158,453000
161581427,4,牧野区,16158,453000
161581428,4,新乡县,16158,453000
161581429,4,获嘉县,16158,453000
161581430,4,原阳县,16158,453000
161581431,4,延津县,16158,453000
161581432,4,封丘县,16158,453000
161581433,4,长垣县,16158,453000
161581434,4,卫辉市,16158,453000
161581435,4,辉县市,16158,453000
161591436,4,解放区,16159,454100
161591437,4,中站区,16159,454100
161591438,4,马村区,16159,454100
161591439,4,山阳区,16159,454100
161591440,4,修武县,16159,454100
161591441,4,博爱县,16159,454100
161591442,4,武陟县,16159,454100
161591443,4,温县,16159,454100
161591444,4,济源市,16159,454100
161591445,4,沁阳市,16159,454100
161591446,4,孟州市,16159,454100
161601447,4,华龙区,16160,457000
161601448,4,清丰县,16160,457000
161601449,4,南乐县,16160,457000
161601450,4,范县,16160,457000
161601451,4,台前县,16160,457000
161601452,4,濮阳县,16160,457000
161611453,4,魏都区,16161,461000
161611454,4,许昌县,16161,461000
161611455,4,鄢陵县,16161,461000
161611456,4,襄城县,16161,461000
161611457,4,禹州市,16161,461000
161611458,4,长葛市,16161,461000
161621459,4,源汇区,16162,462000
161621460,4,郾城区,16162,462000
161621461,4,召陵区,16162,462000
161621462,4,舞阳县,16162,462000
161621463,4,临颍县,16162,462000
161631464,4,市辖区,16163,472000
161631465,4,湖滨区,16163,472000
161631466,4,渑池县,16163,472000
161631467,4,陕县,16163,472000
161631468,4,卢氏县,16163,472000
161631469,4,义马市,16163,472000
161631470,4,灵宝市,16163,472000
161641471,4,宛城区,16164,473000
161641472,4,卧龙区,16164,473000
161641473,4,南召县,16164,473000
161641474,4,方城县,16164,473000
161641475,4,西峡县,16164,473000
161641476,4,镇平县,16164,473000
161641477,4,内乡县,16164,473000
161641478,4,淅川县,16164,473000
161641479,4,社旗县,16164,473000
161641480,4,唐河县,16164,473000
161641481,4,新野县,16164,473000
161641482,4,桐柏县,16164,473000
161641483,4,邓州市,16164,473000
161651484,4,梁园区,16165,476000
161651485,4,睢阳区,16165,476000
161651486,4,民权县,16165,476000
161651487,4,睢县,16165,476000
161651488,4,宁陵县,16165,476000
161651489,4,柘城县,16165,476000
161651490,4,虞城县,16165,476000
161651491,4,夏邑县,16165,476000
161651492,4,永城市,16165,476000
161661493,4,浉河区,16166,464000
161661494,4,平桥区,16166,464000
161661495,4,罗山县,16166,464000
161661496,4,光山县,16166,464000
161661497,4,新县,16166,464000
161661498,4,商城县,16166,464000
161661499,4,固始县,16166,464000
161661500,4,潢川县,16166,464000
161661501,4,淮滨县,16166,464000
161661502,4,息县,16166,464000
161671503,4,川汇区,16167,466000
161671504,4,扶沟县,16167,466000
161671505,4,西华县,16167,466000
161671506,4,商水县,16167,466000
161671507,4,沈丘县,16167,466000
161671508,4,郸城县,16167,466000
161671509,4,淮阳县,16167,466000
161671510,4,太康县,16167,466000
161671511,4,鹿邑县,16167,466000
161671512,4,项城市,16167,466000
161681513,4,驿城区,16168,463000
161681514,4,西平县,16168,463000
161681515,4,上蔡县,16168,463000
161681516,4,平舆县,16168,463000
161681517,4,正阳县,16168,463000
161681518,4,确山县,16168,463000
161681519,4,泌阳县,16168,463000
161681520,4,汝南县,16168,463000
161681521,4,遂平县,16168,463000
161681522,4,新蔡县,16168,463000
171691523,4,江岸区,17169,430000
171691524,4,江汉区,17169,430000
171691525,4,硚口区,17169,430000
171691526,4,汉阳区,17169,430000
171691527,4,武昌区,17169,430000
171691528,4,青山区,17169,430000
171691529,4,洪山区,17169,430000
171691530,4,东西湖区,17169,430000
171691531,4,汉南区,17169,430000
171691532,4,蔡甸区,17169,430000
171691533,4,江夏区,17169,430000
171691534,4,黄陂区,17169,430000
171691535,4,新洲区,17169,430000
171701536,4,黄石港区,17170,435000
171701537,4,西塞山区,17170,435000
171701538,4,下陆区,17170,435000
171701539,4,铁山区,17170,435000
171701540,4,阳新县,17170,435000
171701541,4,大冶市,17170,435000
171711542,4,茅箭区,17171,442000
171711543,4,张湾区,17171,442000
171711544,4,郧县,17171,442000
171711545,4,郧西县,17171,442000
171711546,4,竹山县,17171,442000
171711547,4,竹溪县,17171,442000
171711548,4,房县,17171,442000
171711549,4,丹江口市,17171,442000
171721550,4,西陵区,17172,443000
171721551,4,伍家岗区,17172,443000
171721552,4,点军区,17172,443000
171721553,4,猇亭区,17172,443000
171721554,4,夷陵区,17172,443000
171721555,4,远安县,17172,443000
171721556,4,兴山县,17172,443000
171721557,4,秭归县,17172,443000
171721558,4,长阳土家族自治县,17172,443000
171721559,4,五峰土家族自治县,17172,443000
171721560,4,宜都市,17172,443000
171721561,4,当阳市,17172,443000
171721562,4,枝江市,17172,443000
171731563,4,襄城区,17173,441000
171731564,4,樊城区,17173,441000
171731565,4,襄阳区,17173,441000
171731566,4,南漳县,17173,441000
171731567,4,谷城县,17173,441000
171731568,4,保康县,17173,441000
171731569,4,老河口市,17173,441000
171731570,4,枣阳市,17173,441000
171731571,4,宜城市,17173,441000
171741572,4,梁子湖区,17174,436000
171741573,4,华容区,17174,436000
171741574,4,鄂城区,17174,436000
171751575,4,东宝区,17175,448000
171751576,4,掇刀区,17175,448000
171751577,4,京山县,17175,448000
171751578,4,沙洋县,17175,448000
171751579,4,钟祥市,17175,448000
171761580,4,孝南区,17176,432100
171761581,4,孝昌县,17176,432100
171761582,4,大悟县,17176,432100
171761583,4,云梦县,17176,432100
171761584,4,应城市,17176,432100
171761585,4,安陆市,17176,432100
171761586,4,汉川市,17176,432100
171771587,4,沙市区,17177,434000
171771588,4,荆州区,17177,434000
171771589,4,公安县,17177,434000
171771590,4,监利县,17177,434000
171771591,4,江陵县,17177,434000
171771592,4,石首市,17177,434000
171771593,4,洪湖市,17177,434000
171771594,4,松滋市,17177,434000
171781595,4,黄州区,17178,438000
171781596,4,团风县,17178,438000
171781597,4,红安县,17178,438000
171781598,4,罗田县,17178,438000
171781599,4,英山县,17178,438000
171781600,4,浠水县,17178,438000
171781601,4,蕲春县,17178,438000
171781602,4,黄梅县,17178,438000
171781603,4,麻城市,17178,438000
171781604,4,武穴市,17178,438000
171791605,4,咸安区,17179,437000
171791606,4,嘉鱼县,17179,437000
171791607,4,通城县,17179,437000
171791608,4,崇阳县,17179,437000
171791609,4,通山县,17179,437000
171791610,4,赤壁市,17179,437000
171801611,4,曾都区,17180,441300
171801612,4,广水市,17180,441300
171811613,4,恩施市,17181,445000
171811614,4,利川市,17181,445000
171811615,4,建始县,17181,445000
171811616,4,巴东县,17181,445000
171811617,4,宣恩县,17181,445000
171811618,4,咸丰县,17181,445000
171811619,4,来凤县,17181,445000
171811620,4,鹤峰县,17181,445000
171821621,4,仙桃市,17182,442400
171821622,4,潜江市,17182,442400
171821623,4,天门市,17182,442400
171821624,4,神农架林区,17182,442400
181831625,4,芙蓉区,18183,410000
181831626,4,天心区,18183,410000
181831627,4,岳麓区,18183,410000
181831628,4,开福区,18183,410000
181831629,4,雨花区,18183,410000
181831630,4,长沙县,18183,410000
181831631,4,望城县,18183,410000
181831632,4,宁乡县,18183,410000
181831633,4,浏阳市,18183,410000
181841634,4,荷塘区,18184,412000
181841635,4,芦淞区,18184,412000
181841636,4,石峰区,18184,412000
181841637,4,天元区,18184,412000
181841638,4,株洲县,18184,412000
181841639,4,攸县,18184,412000
181841640,4,茶陵县,18184,412000
181841641,4,炎陵县,18184,412000
181841642,4,醴陵市,18184,412000
181851643,4,雨湖区,18185,411100
181851644,4,岳塘区,18185,411100
181851645,4,湘潭县,18185,411100
181851646,4,湘乡市,18185,411100
181851647,4,韶山市,18185,411100
181861648,4,珠晖区,18186,421000
181861649,4,雁峰区,18186,421000
181861650,4,石鼓区,18186,421000
181861651,4,蒸湘区,18186,421000
181861652,4,南岳区,18186,421000
181861653,4,衡阳县,18186,421000
181861654,4,衡南县,18186,421000
181861655,4,衡山县,18186,421000
181861656,4,衡东县,18186,421000
181861657,4,祁东县,18186,421000
181861658,4,耒阳市,18186,421000
181861659,4,常宁市,18186,421000
181871660,4,双清区,18187,422000
181871661,4,大祥区,18187,422000
181871662,4,北塔区,18187,422000
181871663,4,邵东县,18187,422000
181871664,4,新邵县,18187,422000
181871665,4,邵阳县,18187,422000
181871666,4,隆回县,18187,422000
181871667,4,洞口县,18187,422000
181871668,4,绥宁县,18187,422000
181871669,4,新宁县,18187,422000
181871670,4,城步苗族自治县,18187,422000
181871671,4,武冈市,18187,422000
181881672,4,岳阳楼区,18188,414000
181881673,4,云溪区,18188,414000
181881674,4,君山区,18188,414000
181881675,4,岳阳县,18188,414000
181881676,4,华容县,18188,414000
181881677,4,湘阴县,18188,414000
181881678,4,平江县,18188,414000
181881679,4,汨罗市,18188,414000
181881680,4,临湘市,18188,414000
181891681,4,武陵区,18189,415000
181891682,4,鼎城区,18189,415000
181891683,4,安乡县,18189,415000
181891684,4,汉寿县,18189,415000
181891685,4,澧县,18189,415000
181891686,4,临澧县,18189,415000
181891687,4,桃源县,18189,415000
181891688,4,石门县,18189,415000
181891689,4,津市市,18189,415000
181901690,4,永定区,18190,427000
181901691,4,武陵源区,18190,427000
181901692,4,慈利县,18190,427000
181901693,4,桑植县,18190,427000
181911694,4,资阳区,18191,413000
181911695,4,赫山区,18191,413000
181911696,4,南县,18191,413000
181911697,4,桃江县,18191,413000
181911698,4,安化县,18191,413000
181911699,4,沅江市,18191,413000
181921700,4,北湖区,18192,423000
181921701,4,苏仙区,18192,423000
181921702,4,桂阳县,18192,423000
181921703,4,宜章县,18192,423000
181921704,4,永兴县,18192,423000
181921705,4,嘉禾县,18192,423000
181921706,4,临武县,18192,423000
181921707,4,汝城县,18192,423000
181921708,4,桂东县,18192,423000
181921709,4,安仁县,18192,423000
181921710,4,资兴市,18192,423000
181931711,4,芝山区,18193,425000
181931712,4,冷水滩区,18193,425000
181931713,4,祁阳县,18193,425000
181931714,4,东安县,18193,425000
181931715,4,双牌县,18193,425000
181931716,4,道县,18193,425000
181931717,4,江永县,18193,425000
181931718,4,宁远县,18193,425000
181931719,4,蓝山县,18193,425000
181931720,4,新田县,18193,425000
181931721,4,江华瑶族自治县,18193,425000
181941722,4,鹤城区,18194,418000
181941723,4,中方县,18194,418000
181941724,4,沅陵县,18194,418000
181941725,4,辰溪县,18194,418000
181941726,4,溆浦县,18194,418000
181941727,4,会同县,18194,418000
181941728,4,麻阳苗族自治县,18194,418000
181941729,4,新晃侗族自治县,18194,418000
181941730,4,芷江侗族自治县,18194,418000
181941731,4,靖州苗族侗族自治县,18194,418000
181941732,4,通道侗族自治县,18194,418000
181941733,4,洪江市,18194,418000
181951734,4,娄星区,18195,417000
181951735,4,双峰县,18195,417000
181951736,4,新化县,18195,417000
181951737,4,冷水江市,18195,417000
181951738,4,涟源市,18195,417000
181961739,4,吉首市,18196,416000
181961740,4,泸溪县,18196,416000
181961741,4,凤凰县,18196,416000
181961742,4,花垣县,18196,416000
181961743,4,保靖县,18196,416000
181961744,4,古丈县,18196,416000
181961745,4,永顺县,18196,416000
181961746,4,龙山县,18196,416000
191971747,4,东山区,19197,510000
191971748,4,荔湾区,19197,510000
191971749,4,越秀区,19197,510000
191971750,4,海珠区,19197,510000
191971751,4,天河区,19197,510000
191971752,4,芳村区,19197,510000
191971753,4,白云区,19197,510000
191971754,4,黄埔区,19197,510000
191971755,4,番禺区,19197,510000
191971756,4,花都区,19197,510000
191971757,4,增城市,19197,510000
191971758,4,从化市,19197,510000
191981759,4,武江区,19198,521000
191981760,4,浈江区,19198,521000
191981761,4,曲江区,19198,521000
191981762,4,始兴县,19198,521000
191981763,4,仁化县,19198,521000
191981764,4,翁源县,19198,521000
191981765,4,乳源瑶族自治县,19198,521000
191981766,4,新丰县,19198,521000
191981767,4,乐昌市,19198,521000
191981768,4,南雄市,19198,521000
191991769,4,罗湖区,19199,518000
191991770,4,福田区,19199,518000
191991771,4,南山区,19199,518000
191991772,4,宝安区,19199,518000
191991773,4,龙岗区,19199,518000
191991774,4,盐田区,19199,518000
192001775,4,香洲区,19200,519000
192001776,4,斗门区,19200,519000
192001777,4,金湾区,19200,519000
192011778,4,龙湖区,19201,515000
192011779,4,金平区,19201,515000
192011780,4,濠江区,19201,515000
192011781,4,潮阳区,19201,515000
192011782,4,潮南区,19201,515000
192011783,4,澄海区,19201,515000
192011784,4,南澳县,19201,515000
192021785,4,禅城区,19202,528000
192021786,4,南海区,19202,528000
192021787,4,顺德区,19202,528000
192021788,4,三水区,19202,528000
192021789,4,高明区,19202,528000
192031790,4,蓬江区,19203,529000
192031791,4,江海区,19203,529000
192031792,4,新会区,19203,529000
192031793,4,台山市,19203,529000
192031794,4,开平市,19203,529000
192031795,4,鹤山市,19203,529000
192031796,4,恩平市,19203,529000
192041797,4,赤坎区,19204,524000
192041798,4,霞山区,19204,524000
192041799,4,坡头区,19204,524000
192041800,4,麻章区,19204,524000
192041801,4,遂溪县,19204,524000
192041802,4,徐闻县,19204,524000
192041803,4,廉江市,19204,524000
192041804,4,雷州市,19204,524000
192041805,4,吴川市,19204,524000
192051806,4,茂南区,19205,525000
192051807,4,茂港区,19205,525000
192051808,4,电白县,19205,525000
192051809,4,高州市,19205,525000
192051810,4,化州市,19205,525000
192051811,4,信宜市,19205,525000
192061812,4,端州区,19206,526000
192061813,4,鼎湖区,19206,526000
192061814,4,广宁县,19206,526000
192061815,4,怀集县,19206,526000
192061816,4,封开县,19206,526000
192061817,4,德庆县,19206,526000
192061818,4,高要市,19206,526000
192061819,4,四会市,19206,526000
192071820,4,惠城区,19207,516000
192071821,4,惠阳区,19207,516000
192071822,4,博罗县,19207,516000
192071823,4,惠东县,19207,516000
192071824,4,龙门县,19207,516000
192081825,4,梅江区,19208,514000
192081826,4,梅县,19208,514000
192081827,4,大埔县,19208,514000
192081828,4,丰顺县,19208,514000
192081829,4,五华县,19208,514000
192081830,4,平远县,19208,514000
192081831,4,蕉岭县,19208,514000
192081832,4,兴宁市,19208,514000
192091833,4,城区,19209,516600
192091834,4,海丰县,19209,516600
192091835,4,陆河县,19209,516600
192091836,4,陆丰市,19209,516600
192101837,4,源城区,19210,517000
192101838,4,紫金县,19210,517000
192101839,4,龙川县,19210,517000
192101840,4,连平县,19210,517000
192101841,4,和平县,19210,517000
192101842,4,东源县,19210,517000
192111843,4,江城区,19211,529500
192111844,4,阳西县,19211,529500
192111845,4,阳东县,19211,529500
192111846,4,阳春市,19211,529500
192121847,4,清城区,19212,511500
192121848,4,佛冈县,19212,511500
192121849,4,阳山县,19212,511500
192121850,4,连山壮族瑶族自治县,19212,511500
192121851,4,连南瑶族自治县,19212,511500
192121852,4,清新县,19212,511500
192121853,4,英德市,19212,511500
192121854,4,连州市,19212,511500
192151855,4,湘桥区,19215,515600
192151856,4,潮安县,19215,515600
192151857,4,饶平县,19215,515600
192161858,4,榕城区,19216,522000
192161859,4,揭东县,19216,522000
192161860,4,揭西县,19216,522000
192161861,4,惠来县,19216,522000
192161862,4,普宁市,19216,522000
192171863,4,云城区,19217,527300
192171864,4,新兴县,19217,527300
192171865,4,郁南县,19217,527300
192171866,4,云安县,19217,527300
192171867,4,罗定市,19217,527300
202181868,4,兴宁区,20218,530000
202181869,4,青秀区,20218,530000
202181870,4,江南区,20218,530000
202181871,4,西乡塘区,20218,530000
202181872,4,良庆区,20218,530000
202181873,4,邕宁区,20218,530000
202181874,4,武鸣县,20218,530000
202181875,4,隆安县,20218,530000
202181876,4,马山县,20218,530000
202181877,4,上林县,20218,530000
202181878,4,宾阳县,20218,530000
202181879,4,横县,20218,530000
202191880,4,城中区,20219,545000
202191881,4,鱼峰区,20219,545000
202191882,4,柳南区,20219,545000
202191883,4,柳北区,20219,545000
202191884,4,柳江县,20219,545000
202191885,4,柳城县,20219,545000
202191886,4,鹿寨县,20219,545000
202191887,4,融安县,20219,545000
202191888,4,融水苗族自治县,20219,545000
202191889,4,三江侗族自治县,20219,545000
202201890,4,秀峰区,20220,541000
202201891,4,叠彩区,20220,541000
202201892,4,象山区,20220,541000
202201893,4,七星区,20220,541000
202201894,4,雁山区,20220,541000
202201895,4,阳朔县,20220,541000
202201896,4,临桂县,20220,541000
202201897,4,灵川县,20220,541000
202201898,4,全州县,20220,541000
202201899,4,兴安县,20220,541000
202201900,4,永福县,20220,541000
202201901,4,灌阳县,20220,541000
202201902,4,龙胜各族自治县,20220,541000
202201903,4,资源县,20220,541000
202201904,4,平乐县,20220,541000
202201905,4,荔蒲县,20220,541000
202201906,4,恭城瑶族自治县,20220,541000
202211907,4,万秀区,20221,543000
202211908,4,蝶山区,20221,543000
202211909,4,长洲区,20221,543000
202211910,4,苍梧县,20221,543000
202211911,4,藤县,20221,543000
202211912,4,蒙山县,20221,543000
202211913,4,岑溪市,20221,543000
202221914,4,海城区,20222,536000
202221915,4,银海区,20222,536000
202221916,4,铁山港区,20222,536000
202221917,4,合浦县,20222,536000
202231918,4,港口区,20223,538000
202231919,4,防城区,20223,538000
202231920,4,上思县,20223,538000
202231921,4,东兴市,20223,538000
202241922,4,钦南区,20224,535000
202241923,4,钦北区,20224,535000
202241924,4,灵山县,20224,535000
202241925,4,浦北县,20224,535000
202251926,4,港北区,20225,537100
202251927,4,港南区,20225,537100
202251928,4,覃塘区,20225,537100
202251929,4,平南县,20225,537100
202251930,4,桂平市,20225,537100
202261931,4,玉州区,20226,537000
202261932,4,容县,20226,537000
202261933,4,陆川县,20226,537000
202261934,4,博白县,20226,537000
202261935,4,兴业县,20226,537000
202261936,4,北流市,20226,537000
202271937,4,右江区,20227,533000
202271938,4,田阳县,20227,533000
202271939,4,田东县,20227,533000
202271940,4,平果县,20227,533000
202271941,4,德保县,20227,533000
202271942,4,靖西县,20227,533000
202271943,4,那坡县,20227,533000
202271944,4,凌云县,20227,533000
202271945,4,乐业县,20227,533000
202271946,4,田林县,20227,533000
202271947,4,西林县,20227,533000
202271948,4,隆林各族自治县,20227,533000
202281949,4,八步区,20228,542800
202281950,4,昭平县,20228,542800
202281951,4,钟山县,20228,542800
202281952,4,富川瑶族自治县,20228,542800
202291953,4,金城江区,20229,547000
202291954,4,南丹县,20229,547000
202291955,4,天峨县,20229,547000
202291956,4,凤山县,20229,547000
202291957,4,东兰县,20229,547000
202291958,4,罗城仫佬族自治县,20229,547000
202291959,4,环江毛南族自治县,20229,547000
202291960,4,巴马瑶族自治县,20229,547000
202291961,4,都安瑶族自治县,20229,547000
202291962,4,大化瑶族自治县,20229,547000
202291963,4,宜州市,20229,547000
202301964,4,兴宾区,20230,546100
202301965,4,忻城县,20230,546100
202301966,4,象州县,20230,546100
202301967,4,武宣县,20230,546100
202301968,4,金秀瑶族自治县,20230,546100
202301969,4,合山市,20230,546100
202311970,4,江洲区,20231,532200
202311971,4,扶绥县,20231,532200
202311972,4,宁明县,20231,532200
202311973,4,龙州县,20231,532200
202311974,4,大新县,20231,532200
202311975,4,天等县,20231,532200
202311976,4,凭祥市,20231,532200
212321977,4,秀英区,21232,570000
212321978,4,龙华区,21232,570000
212321979,4,琼山区,21232,570000
212321980,4,美兰区,21232,570000
212331981,4,五指山市,21233,572000
212331982,4,琼海市,21233,572000
212331983,4,儋州市,21233,572000
212331984,4,文昌市,21233,572000
212331985,4,万宁市,21233,572000
212331986,4,东方市,21233,572000
212331987,4,定安县,21233,572000
212331988,4,屯昌县,21233,572000
212331989,4,澄迈县,21233,572000
212331990,4,临高县,21233,572000
212331991,4,白沙黎族自治县,21233,572000
212331992,4,昌江黎族自治县,21233,572000
212331993,4,乐东黎族自治县,21233,572000
212331994,4,陵水黎族自治县,21233,572000
212331995,4,保亭黎族苗族自治县,21233,572000
212331996,4,琼中黎族苗族自治县,21233,572000
212331997,4,西沙群岛,21233,572000
212331998,4,南沙群岛,21233,572000
212331999,4,中沙群岛的岛礁及其海域,21233,572000
222342000,4,万州区,22234,400000
222342001,4,涪陵区,22234,400000
222342002,4,渝中区,22234,400000
222342003,4,大渡口区,22234,400000
222342004,4,江北区,22234,400000
222342005,4,沙坪坝区,22234,400000
222342006,4,九龙坡区,22234,400000
222342007,4,南岸区,22234,400000
222342008,4,北碚区,22234,400000
222342009,4,万盛区,22234,400000
222342010,4,双桥区,22234,400000
222342011,4,渝北区,22234,400000
222342012,4,巴南区,22234,400000
222342013,4,黔江区,22234,400000
222342014,4,长寿区,22234,400000
222342015,4,綦江县,22234,400000
222342016,4,潼南县,22234,400000
222342017,4,铜梁县,22234,400000
222342018,4,大足县,22234,400000
222342019,4,荣昌县,22234,400000
222342020,4,璧山县,22234,400000
222342021,4,梁平县,22234,400000
222342022,4,城口县,22234,400000
222342023,4,丰都县,22234,400000
222342024,4,垫江县,22234,400000
222342025,4,武隆县,22234,400000
222342026,4,忠县,22234,400000
222342027,4,开县,22234,400000
222342028,4,云阳县,22234,400000
222342029,4,奉节县,22234,400000
222342030,4,巫山县,22234,400000
222342031,4,巫溪县,22234,400000
222342032,4,石柱土家族自治县,22234,400000
222342033,4,秀山土家族苗族自治县,22234,400000
222342034,4,酉阳土家族苗族自治县,22234,400000
222342035,4,彭水苗族土家族自治县,22234,400000
222342036,4,江津市,22234,400000
222342037,4,合川市,22234,400000
222342038,4,永川市,22234,400000
222342039,4,南川市,22234,400000
232352040,4,锦江区,23235,610000
232352041,4,青羊区,23235,610000
232352042,4,金牛区,23235,610000
232352043,4,武侯区,23235,610000
232352044,4,成华区,23235,610000
232352045,4,龙泉驿区,23235,610000
232352046,4,青白江区,23235,610000
232352047,4,新都区,23235,610000
232352048,4,温江区,23235,610000
232352049,4,金堂县,23235,610000
232352050,4,双流县,23235,610000
232352051,4,郫县,23235,610000
232352052,4,大邑县,23235,610000
232352053,4,蒲江县,23235,610000
232352054,4,新津县,23235,610000
232352055,4,都江堰市,23235,610000
232352056,4,彭州市,23235,610000
232352057,4,邛崃市,23235,610000
232352058,4,崇州市,23235,610000
232362059,4,自流井区,23236,643000
232362060,4,贡井区,23236,643000
232362061,4,大安区,23236,643000
232362062,4,沿滩区,23236,643000
232362063,4,荣县,23236,643000
232362064,4,富顺县,23236,643000
232372065,4,东区,23237,617000
232372066,4,西区,23237,617000
232372067,4,仁和区,23237,617000
232372068,4,米易县,23237,617000
232372069,4,盐边县,23237,617000
232382070,4,江阳区,23238,646100
232382071,4,纳溪区,23238,646100
232382072,4,龙马潭区,23238,646100
232382073,4,泸县,23238,646100
232382074,4,合江县,23238,646100
232382075,4,叙永县,23238,646100
232382076,4,古蔺县,23238,646100
232392077,4,旌阳区,23239,618000
232392078,4,中江县,23239,618000
232392079,4,罗江县,23239,618000
232392080,4,广汉市,23239,618000
232392081,4,什邡市,23239,618000
232392082,4,绵竹市,23239,618000
232402083,4,涪城区,23240,621000
232402084,4,游仙区,23240,621000
232402085,4,三台县,23240,621000
232402086,4,盐亭县,23240,621000
232402087,4,安县,23240,621000
232402088,4,梓潼县,23240,621000
232402089,4,北川羌族自治县,23240,621000
232402090,4,平武县,23240,621000
232402091,4,江油市,23240,621000
232412092,4,市中区,23241,628000
232412093,4,元坝区,23241,628000
232412094,4,朝天区,23241,628000
232412095,4,旺苍县,23241,628000
232412096,4,青川县,23241,628000
232412097,4,剑阁县,23241,628000
232412098,4,苍溪县,23241,628000
232422099,4,船山区,23242,629000
232422100,4,安居区,23242,629000
232422101,4,蓬溪县,23242,629000
232422102,4,射洪县,23242,629000
232422103,4,大英县,23242,629000
232432104,4,市中区,23243,641000
232432105,4,东兴区,23243,641000
232432106,4,威远县,23243,641000
232432107,4,资中县,23243,641000
232432108,4,隆昌县,23243,641000
232442109,4,市中区,23244,614000
232442110,4,沙湾区,23244,614000
232442111,4,五通桥区,23244,614000
232442112,4,金口河区,23244,614000
232442113,4,犍为县,23244,614000
232442114,4,井研县,23244,614000
232442115,4,夹江县,23244,614000
232442116,4,沐川县,23244,614000
232442117,4,峨边彝族自治县,23244,614000
232442118,4,马边彝族自治县,23244,614000
232442119,4,峨眉山市,23244,614000
232452120,4,顺庆区,23245,637000
232452121,4,高坪区,23245,637000
232452122,4,嘉陵区,23245,637000
232452123,4,南部县,23245,637000
232452124,4,营山县,23245,637000
232452125,4,蓬安县,23245,637000
232452126,4,仪陇县,23245,637000
232452127,4,西充县,23245,637000
232452128,4,阆中市,23245,637000
232462129,4,东坡区,23246,612100
232462130,4,仁寿县,23246,612100
232462131,4,彭山县,23246,612100
232462132,4,洪雅县,23246,612100
232462133,4,丹棱县,23246,612100
232462134,4,青神县,23246,612100
232472135,4,翠屏区,23247,644000
232472136,4,宜宾县,23247,644000
232472137,4,南溪县,23247,644000
232472138,4,江安县,23247,644000
232472139,4,长宁县,23247,644000
232472140,4,高县,23247,644000
232472141,4,珙县,23247,644000
232472142,4,筠连县,23247,644000
232472143,4,兴文县,23247,644000
232472144,4,屏山县,23247,644000
232482145,4,广安区,23248,638000
232482146,4,岳池县,23248,638000
232482147,4,武胜县,23248,638000
232482148,4,邻水县,23248,638000
232482149,4,华蓥市,23248,638000
232492150,4,通川区,23249,635000
232492151,4,达县,23249,635000
232492152,4,宣汉县,23249,635000
232492153,4,开江县,23249,635000
232492154,4,大竹县,23249,635000
232492155,4,渠县,23249,635000
232492156,4,万源市,23249,635000
232502157,4,雨城区,23250,625000
232502158,4,名山县,23250,625000
232502159,4,荥经县,23250,625000
232502160,4,汉源县,23250,625000
232502161,4,石棉县,23250,625000
232502162,4,天全县,23250,625000
232502163,4,芦山县,23250,625000
232502164,4,宝兴县,23250,625000
232512165,4,巴州区,23251,635500
232512166,4,通江县,23251,635500
232512167,4,南江县,23251,635500
232512168,4,平昌县,23251,635500
232522169,4,雁江区,23252,641300
232522170,4,安岳县,23252,641300
232522171,4,乐至县,23252,641300
232522172,4,简阳市,23252,641300
232532173,4,汶川县,23253,624600
232532174,4,理县,23253,624600
232532175,4,茂县,23253,624600
232532176,4,松潘县,23253,624600
232532177,4,九寨沟县,23253,624600
232532178,4,金川县,23253,624600
232532179,4,小金县,23253,624600
232532180,4,黑水县,23253,624600
232532181,4,马尔康县,23253,624600
232532182,4,壤塘县,23253,624600
232532183,4,阿坝县,23253,624600
232532184,4,若尔盖县,23253,624600
232532185,4,红原县,23253,624600
232542186,4,康定县,23254,626000
232542187,4,泸定县,23254,626000
232542188,4,丹巴县,23254,626000
232542189,4,九龙县,23254,626000
232542190,4,雅江县,23254,626000
232542191,4,道孚县,23254,626000
232542192,4,炉霍县,23254,626000
232542193,4,甘孜县,23254,626000
232542194,4,新龙县,23254,626000
232542195,4,德格县,23254,626000
232542196,4,白玉县,23254,626000
232542197,4,石渠县,23254,626000
232542198,4,色达县,23254,626000
232542199,4,理塘县,23254,626000
232542200,4,巴塘县,23254,626000
232542201,4,乡城县,23254,626000
232542202,4,稻城县,23254,626000
232542203,4,得荣县,23254,626000
232552204,4,西昌市,23255,615000
232552205,4,木里藏族自治县,23255,615000
232552206,4,盐源县,23255,615000
232552207,4,德昌县,23255,615000
232552208,4,会理县,23255,615000
232552209,4,会东县,23255,615000
232552210,4,宁南县,23255,615000
232552211,4,普格县,23255,615000
232552212,4,布拖县,23255,615000
232552213,4,金阳县,23255,615000
232552214,4,昭觉县,23255,615000
232552215,4,喜德县,23255,615000
232552216,4,冕宁县,23255,615000
232552217,4,越西县,23255,615000
232552218,4,甘洛县,23255,615000
232552219,4,美姑县,23255,615000
232552220,4,雷波县,23255,615000
242562221,4,南明区,24256,55000
242562222,4,云岩区,24256,55000
242562223,4,花溪区,24256,55000
242562224,4,乌当区,24256,55000
242562225,4,白云区,24256,55000
242562226,4,小河区,24256,55000
242562227,4,开阳县,24256,55000
242562228,4,息烽县,24256,55000
242562229,4,修文县,24256,55000
242562230,4,清镇市,24256,55000
242572231,4,钟山区,24257,553000
242572232,4,六枝特区,24257,553000
242572233,4,水城县,24257,553000
242572234,4,盘县,24257,553000
242582235,4,红花岗区,24258,563000
242582236,4,汇川区,24258,563000
242582237,4,遵义县,24258,563000
242582238,4,桐梓县,24258,563000
242582239,4,绥阳县,24258,563000
242582240,4,正安县,24258,563000
242582241,4,道真仡佬族苗族自治县,24258,563000
242582242,4,务川仡佬族苗族自治县,24258,563000
242582243,4,凤冈县,24258,563000
242582244,4,湄潭县,24258,563000
242582245,4,余庆县,24258,563000
242582246,4,习水县,24258,563000
242582247,4,赤水市,24258,563000
242582248,4,仁怀市,24258,563000
242592249,4,西秀区,24259,561000
242592250,4,平坝县,24259,561000
242592251,4,普定县,24259,561000
242592252,4,镇宁布依族苗族自治县,24259,561000
242592253,4,关岭布依族苗族自治县,24259,561000
242592254,4,紫云苗族布依族自治县,24259,561000
242602255,4,铜仁市,24260,554300
242602256,4,江口县,24260,554300
242602257,4,玉屏侗族自治县,24260,554300
242602258,4,石阡县,24260,554300
242602259,4,思南县,24260,554300
242602260,4,印江土家族苗族自治县,24260,554300
242602261,4,德江县,24260,554300
242602262,4,沿河土家族自治县,24260,554300
242602263,4,松桃苗族自治县,24260,554300
242602264,4,万山特区,24260,554300
242612265,4,兴义市,24261,551500
242612266,4,兴仁县,24261,551500
242612267,4,普安县,24261,551500
242612268,4,晴隆县,24261,551500
242612269,4,贞丰县,24261,551500
242612270,4,望谟县,24261,551500
242612271,4,册亨县,24261,551500
242612272,4,安龙县,24261,551500
242622273,4,毕节市,24262,551700
242622274,4,大方县,24262,551700
242622275,4,黔西县,24262,551700
242622276,4,金沙县,24262,551700
242622277,4,织金县,24262,551700
242622278,4,纳雍县,24262,551700
242622279,4,威宁彝族回族苗族自治县,24262,551700
242622280,4,赫章县,24262,551700
242632281,4,凯里市,24263,551500
242632282,4,黄平县,24263,551500
242632283,4,施秉县,24263,551500
242632284,4,三穗县,24263,551500
242632285,4,镇远县,24263,551500
242632286,4,岑巩县,24263,551500
242632287,4,天柱县,24263,551500
242632288,4,锦屏县,24263,551500
242632289,4,剑河县,24263,551500
242632290,4,台江县,24263,551500
242632291,4,黎平县,24263,551500
242632292,4,榕江县,24263,551500
242632293,4,从江县,24263,551500
242632294,4,雷山县,24263,551500
242632295,4,麻江县,24263,551500
242632296,4,丹寨县,24263,551500
242642297,4,都匀市,24264,550100
242642298,4,福泉市,24264,550100
242642299,4,荔波县,24264,550100
242642300,4,贵定县,24264,550100
242642301,4,瓮安县,24264,550100
242642302,4,独山县,24264,550100
242642303,4,平塘县,24264,550100
242642304,4,罗甸县,24264,550100
242642305,4,长顺县,24264,550100
242642306,4,龙里县,24264,550100
242642307,4,惠水县,24264,550100
242642308,4,三都水族自治县,24264,550100
252652309,4,五华区,25265,650000
252652310,4,盘龙区,25265,650000
252652311,4,官渡区,25265,650000
252652312,4,西山区,25265,650000
252652313,4,东川区,25265,650000
252652314,4,呈贡县,25265,650000
252652315,4,晋宁县,25265,650000
252652316,4,富民县,25265,650000
252652317,4,宜良县,25265,650000
252652318,4,石林彝族自治县,25265,650000
252652319,4,嵩明县,25265,650000
252652320,4,禄劝彝族苗族自治县,25265,650000
252652321,4,寻甸回族彝族自治县,25265,650000
252652322,4,安宁市,25265,650000
252662323,4,麒麟区,25266,655000
252662324,4,马龙县,25266,655000
252662325,4,陆良县,25266,655000
252662326,4,师宗县,25266,655000
252662327,4,罗平县,25266,655000
252662328,4,富源县,25266,655000
252662329,4,会泽县,25266,655000
252662330,4,沾益县,25266,655000
252662331,4,宣威市,25266,655000
252672332,4,红塔区,25267,653100
252672333,4,江川县,25267,653100
252672334,4,澄江县,25267,653100
252672335,4,通海县,25267,653100
252672336,4,华宁县,25267,653100
252672337,4,易门县,25267,653100
252672338,4,峨山彝族自治县,25267,653100
252672339,4,新平彝族傣族自治县,25267,653100
252672340,4,元江哈尼族彝族傣族自治县,25267,653100
252682341,4,隆阳区,25268,678000
252682342,4,施甸县,25268,678000
252682343,4,腾冲县,25268,678000
252682344,4,龙陵县,25268,678000
252682345,4,昌宁县,25268,678000
252692346,4,昭阳区,25269,657000
252692347,4,鲁甸县,25269,657000
252692348,4,巧家县,25269,657000
252692349,4,盐津县,25269,657000
252692350,4,大关县,25269,657000
252692351,4,永善县,25269,657000
252692352,4,绥江县,25269,657000
252692353,4,镇雄县,25269,657000
252692354,4,彝良县,25269,657000
252692355,4,威信县,25269,657000
252692356,4,水富县,25269,657000
252702357,4,古城区,25270,674100
252702358,4,玉龙纳西族自治县,25270,674100
252702359,4,永胜县,25270,674100
252702360,4,华坪县,25270,674100
252702361,4,宁蒗彝族自治县,25270,674100
252712362,4,翠云区,25271,665000
252712363,4,普洱哈尼族彝族自治县,25271,665000
252712364,4,墨江哈尼族自治县,25271,665000
252712365,4,景东彝族自治县,25271,665000
252712366,4,景谷傣族彝族自治县,25271,665000
252712367,4,镇沅彝族哈尼族拉祜族自治县,25271,665000
252712368,4,江城哈尼族彝族自治县,25271,665000
252712369,4,孟连傣族拉祜族佤族自治县,25271,665000
252712370,4,澜沧拉祜族自治县,25271,665000
252712371,4,西盟佤族自治县,25271,665000
252722372,4,临翔区,25272,677000
252722373,4,凤庆县,25272,677000
252722374,4,云县,25272,677000
252722375,4,永德县,25272,677000
252722376,4,镇康县,25272,677000
252722377,4,双江拉祜族佤族布朗族傣族自治县,25272,677000
252722378,4,耿马傣族佤族自治县,25272,677000
252722379,4,沧源佤族自治县,25272,677000
252732380,4,楚雄市,25273,675000
252732381,4,双柏县,25273,675000
252732382,4,牟定县,25273,675000
252732383,4,南华县,25273,675000
252732384,4,姚安县,25273,675000
252732385,4,大姚县,25273,675000
252732386,4,永仁县,25273,675000
252732387,4,元谋县,25273,675000
252732388,4,武定县,25273,675000
252732389,4,禄丰县,25273,675000
252742390,4,个旧市,25274,654400
252742391,4,开远市,25274,654400
252742392,4,蒙自县,25274,654400
252742393,4,屏边苗族自治县,25274,654400
252742394,4,建水县,25274,654400
252742395,4,石屏县,25274,654400
252742396,4,弥勒县,25274,654400
252742397,4,泸西县,25274,654400
252742398,4,元阳县,25274,654400
252742399,4,红河县,25274,654400
252742400,4,金平苗族瑶族傣族自治县,25274,654400
252742401,4,绿春县,25274,654400
252742402,4,河口瑶族自治县,25274,654400
252752403,4,文山县,25275,663000
252752404,4,砚山县,25275,663000
252752405,4,西畴县,25275,663000
252752406,4,麻栗坡县,25275,663000
252752407,4,马关县,25275,663000
252752408,4,丘北县,25275,663000
252752409,4,广南县,25275,663000
252752410,4,富宁县,25275,663000
252762411,4,景洪市,25276,666200
252762412,4,勐海县,25276,666200
252762413,4,勐腊县,25276,666200
252772414,4,大理市,25277,671000
252772415,4,漾濞彝族自治县,25277,671000
252772416,4,祥云县,25277,671000
252772417,4,宾川县,25277,671000
252772418,4,弥渡县,25277,671000
252772419,4,南涧彝族自治县,25277,671000
252772420,4,巍山彝族回族自治县,25277,671000
252772421,4,永平县,25277,671000
252772422,4,云龙县,25277,671000
252772423,4,洱源县,25277,671000
252772424,4,剑川县,25277,671000
252772425,4,鹤庆县,25277,671000
252782426,4,瑞丽市,25278,678400
252782427,4,潞西市,25278,678400
252782428,4,梁河县,25278,678400
252782429,4,盈江县,25278,678400
252782430,4,陇川县,25278,678400
252792431,4,泸水县,25279,671400
252792432,4,福贡县,25279,671400
252792433,4,贡山独龙族怒族自治县,25279,671400
252792434,4,兰坪白族普米族自治县,25279,671400
252802435,4,香格里拉县,25280,674400
252802436,4,德钦县,25280,674400
252802437,4,维西傈僳族自治县,25280,674400
262812438,4,城关区,26281,850000
262812439,4,林周县,26281,850000
262812440,4,当雄县,26281,850000
262812441,4,尼木县,26281,850000
262812442,4,曲水县,26281,850000
262812443,4,堆龙德庆县,26281,850000
262812444,4,达孜县,26281,850000
262812445,4,墨竹工卡县,26281,850000
262822446,4,昌都县,26282,854000
262822447,4,江达县,26282,854000
262822448,4,贡觉县,26282,854000
262822449,4,类乌齐县,26282,854000
262822450,4,丁青县,26282,854000
262822451,4,察雅县,26282,854000
262822452,4,八宿县,26282,854000
262822453,4,左贡县,26282,854000
262822454,4,芒康县,26282,854000
262822455,4,洛隆县,26282,854000
262822456,4,边坝县,26282,854000
262832457,4,乃东县,26283,856000
262832458,4,扎囊县,26283,856000
262832459,4,贡嘎县,26283,856000
262832460,4,桑日县,26283,856000
262832461,4,琼结县,26283,856000
262832462,4,曲松县,26283,856000
262832463,4,措美县,26283,856000
262832464,4,洛扎县,26283,856000
262832465,4,加查县,26283,856000
262832466,4,隆子县,26283,856000
262832467,4,错那县,26283,856000
262832468,4,浪卡子县,26283,856000
262842469,4,日喀则市,26284,857000
262842470,4,南木林县,26284,857000
262842471,4,江孜县,26284,857000
262842472,4,定日县,26284,857000
262842473,4,萨迦县,26284,857000
262842474,4,拉孜县,26284,857000
262842475,4,昂仁县,26284,857000
262842476,4,谢通门县,26284,857000
262842477,4,白朗县,26284,857000
262842478,4,仁布县,26284,857000
262842479,4,康马县,26284,857000
262842480,4,定结县,26284,857000
262842481,4,仲巴县,26284,857000
262842482,4,亚东县,26284,857000
262842483,4,吉隆县,26284,857000
262842484,4,聂拉木县,26284,857000
262842485,4,萨嘎县,26284,857000
262842486,4,岗巴县,26284,857000
262852487,4,那曲县,26285,852000
262852488,4,嘉黎县,26285,852000
262852489,4,比如县,26285,852000
262852490,4,聂荣县,26285,852000
262852491,4,安多县,26285,852000
262852492,4,申扎县,26285,852000
262852493,4,索县,26285,852000
262852494,4,班戈县,26285,852000
262852495,4,巴青县,26285,852000
262852496,4,尼玛县,26285,852000
262862497,4,普兰县,26286,859100
262862498,4,札达县,26286,859100
262862499,4,噶尔县,26286,859100
262862500,4,日土县,26286,859100
262862501,4,革吉县,26286,859100
262862502,4,改则县,26286,859100
262862503,4,措勤县,26286,859100
262872504,4,林芝县,26287,860100
262872505,4,工布江达县,26287,860100
262872506,4,米林县,26287,860100
262872507,4,墨脱县,26287,860100
262872508,4,波密县,26287,860100
262872509,4,察隅县,26287,860100
262872510,4,朗县,26287,860100
272882511,4,新城区,27288,710000
272882512,4,碑林区,27288,710000
272882513,4,莲湖区,27288,710000
272882514,4,灞桥区,27288,710000
272882515,4,未央区,27288,710000
272882516,4,雁塔区,27288,710000
272882517,4,阎良区,27288,710000
272882518,4,临潼区,27288,710000
272882519,4,长安区,27288,710000
272882520,4,蓝田县,27288,710000
272882521,4,周至县,27288,710000
272882522,4,户县,27288,710000
272882523,4,高陵县,27288,710000
272892524,4,王益区,27289,727000
272892525,4,印台区,27289,727000
272892526,4,耀州区,27289,727000
272892527,4,宜君县,27289,727000
272902528,4,渭滨区,27290,721000
272902529,4,金台区,27290,721000
272902530,4,陈仓区,27290,721000
272902531,4,凤翔县,27290,721000
272902532,4,岐山县,27290,721000
272902533,4,扶风县,27290,721000
272902534,4,眉县,27290,721000
272902535,4,陇县,27290,721000
272902536,4,千阳县,27290,721000
272902537,4,麟游县,27290,721000
272902538,4,凤县,27290,721000
272902539,4,太白县,27290,721000
272912540,4,秦都区,27291,712000
272912541,4,杨凌区,27291,712000
272912542,4,渭城区,27291,712000
272912543,4,三原县,27291,712000
272912544,4,泾阳县,27291,712000
272912545,4,乾县,27291,712000
272912546,4,礼泉县,27291,712000
272912547,4,永寿县,27291,712000
272912548,4,彬县,27291,712000
272912549,4,长武县,27291,712000
272912550,4,旬邑县,27291,712000
272912551,4,淳化县,27291,712000
272912552,4,武功县,27291,712000
272912553,4,兴平市,27291,712000
272922554,4,临渭区,27292,714000
272922555,4,华县,27292,714000
272922556,4,潼关县,27292,714000
272922557,4,大荔县,27292,714000
272922558,4,合阳县,27292,714000
272922559,4,澄城县,27292,714000
272922560,4,蒲城县,27292,714000
272922561,4,白水县,27292,714000
272922562,4,富平县,27292,714000
272922563,4,韩城市,27292,714000
272922564,4,华阴市,27292,714000
272932565,4,宝塔区,27293,716000
272932566,4,延长县,27293,716000
272932567,4,延川县,27293,716000
272932568,4,子长县,27293,716000
272932569,4,安塞县,27293,716000
272932570,4,志丹县,27293,716000
272932571,4,吴旗县,27293,716000
272932572,4,甘泉县,27293,716000
272932573,4,富县,27293,716000
272932574,4,洛川县,27293,716000
272932575,4,宜川县,27293,716000
272932576,4,黄龙县,27293,716000
272932577,4,黄陵县,27293,716000
272942578,4,汉台区,27294,723000
272942579,4,南郑县,27294,723000
272942580,4,城固县,27294,723000
272942581,4,洋县,27294,723000
272942582,4,西乡县,27294,723000
272942583,4,勉县,27294,723000
272942584,4,宁强县,27294,723000
272942585,4,略阳县,27294,723000
272942586,4,镇巴县,27294,723000
272942587,4,留坝县,27294,723000
272942588,4,佛坪县,27294,723000
272952589,4,榆阳区,27295,719000
272952590,4,神木县,27295,719000
272952591,4,府谷县,27295,719000
272952592,4,横山县,27295,719000
272952593,4,靖边县,27295,719000
272952594,4,定边县,27295,719000
272952595,4,绥德县,27295,719000
272952596,4,米脂县,27295,719000
272952597,4,佳县,27295,719000
272952598,4,吴堡县,27295,719000
272952599,4,清涧县,27295,719000
272952600,4,子洲县,27295,719000
272962601,4,汉滨区,27296,725000
272962602,4,汉阴县,27296,725000
272962603,4,石泉县,27296,725000
272962604,4,宁陕县,27296,725000
272962605,4,紫阳县,27296,725000
272962606,4,岚皋县,27296,725000
272962607,4,平利县,27296,725000
272962608,4,镇坪县,27296,725000
272962609,4,旬阳县,27296,725000
272962610,4,白河县,27296,725000
272972611,4,商州区,27297,711500
272972612,4,洛南县,27297,711500
272972613,4,丹凤县,27297,711500
272972614,4,商南县,27297,711500
272972615,4,山阳县,27297,711500
272972616,4,镇安县,27297,711500
272972617,4,柞水县,27297,711500
282982618,4,城关区,28298,730000
282982619,4,七里河区,28298,730000
282982620,4,西固区,28298,730000
282982621,4,安宁区,28298,730000
282982622,4,红古区,28298,730000
282982623,4,永登县,28298,730000
282982624,4,皋兰县,28298,730000
282982625,4,榆中县,28298,730000
283002626,4,金川区,28300,737100
283002627,4,永昌县,28300,737100
283012628,4,白银区,28301,730900
283012629,4,平川区,28301,730900
283012630,4,靖远县,28301,730900
283012631,4,会宁县,28301,730900
283012632,4,景泰县,28301,730900
283022633,4,秦城区,28302,741000
283022634,4,北道区,28302,741000
283022635,4,清水县,28302,741000
283022636,4,秦安县,28302,741000
283022637,4,甘谷县,28302,741000
283022638,4,武山县,28302,741000
283022639,4,张家川回族自治县,28302,741000
283032640,4,凉州区,28303,733000
283032641,4,民勤县,28303,733000
283032642,4,古浪县,28303,733000
283032643,4,天祝藏族自治县,28303,733000
283042644,4,甘州区,28304,734000
283042645,4,肃南裕固族自治县,28304,734000
283042646,4,民乐县,28304,734000
283042647,4,临泽县,28304,734000
283042648,4,高台县,28304,734000
283042649,4,山丹县,28304,734000
283052650,4,崆峒区,28305,744000
283052651,4,泾川县,28305,744000
283052652,4,灵台县,28305,744000
283052653,4,崇信县,28305,744000
283052654,4,华亭县,28305,744000
283052655,4,庄浪县,28305,744000
283052656,4,静宁县,28305,744000
283062657,4,肃州区,28306,735000
283062658,4,金塔县,28306,735000
283062659,4,安西县,28306,735000
283062660,4,肃北蒙古族自治县,28306,735000
283062661,4,阿克塞哈萨克族自治县,28306,735000
283062662,4,玉门市,28306,735000
283062663,4,敦煌市,28306,735000
283072664,4,西峰区,28307,744500
283072665,4,庆城县,28307,744500
283072666,4,环县,28307,744500
283072667,4,华池县,28307,744500
283072668,4,合水县,28307,744500
283072669,4,正宁县,28307,744500
283072670,4,宁县,28307,744500
283072671,4,镇原县,28307,744500
283082672,4,安定区,28308,743000
283082673,4,通渭县,28308,743000
283082674,4,陇西县,28308,743000
283082675,4,渭源县,28308,743000
283082676,4,临洮县,28308,743000
283082677,4,漳县,28308,743000
283082678,4,岷县,28308,743000
283092679,4,武都区,28309,742100
283092680,4,成县,28309,742100
283092681,4,文县,28309,742100
283092682,4,宕昌县,28309,742100
283092683,4,康县,28309,742100
283092684,4,西和县,28309,742100
283092685,4,礼县,28309,742100
283092686,4,徽县,28309,742100
283092687,4,两当县,28309,742100
283102688,4,临夏市,28310,731100
283102689,4,临夏县,28310,731100
283102690,4,康乐县,28310,731100
283102691,4,永靖县,28310,731100
283102692,4,广河县,28310,731100
283102693,4,和政县,28310,731100
283102694,4,东乡族自治县,28310,731100
283102695,4,积石山保安族东乡族撒拉族自治县,28310,731100
283112696,4,合作市,28311,747000
283112697,4,临潭县,28311,747000
283112698,4,卓尼县,28311,747000
283112699,4,舟曲县,28311,747000
283112700,4,迭部县,28311,747000
283112701,4,玛曲县,28311,747000
283112702,4,碌曲县,28311,747000
283112703,4,夏河县,28311,747000
293122704,4,城东区,29312,810000
293122705,4,城中区,29312,810000
293122706,4,城西区,29312,810000
293122707,4,城北区,29312,810000
293122708,4,大通回族土族自治县,29312,810000
293122709,4,湟中县,29312,810000
293122710,4,湟源县,29312,810000
293132711,4,平安县,29313,810600
293132712,4,民和回族土族自治县,29313,810600
293132713,4,乐都县,29313,810600
293132714,4,互助土族自治县,29313,810600
293132715,4,化隆回族自治县,29313,810600
293132716,4,循化撒拉族自治县,29313,810600
293142717,4,门源回族自治县,29314,810300
293142718,4,祁连县,29314,810300
293142719,4,海晏县,29314,810300
293142720,4,刚察县,29314,810300
293152721,4,同仁县,29315,811300
293152722,4,尖扎县,29315,811300
293152723,4,泽库县,29315,811300
293152724,4,河南蒙古族自治县,29315,811300
293162725,4,共和县,29316,813000
293162726,4,同德县,29316,813000
293162727,4,贵德县,29316,813000
293162728,4,兴海县,29316,813000
293162729,4,贵南县,29316,813000
293172730,4,玛沁县,29317,814000
293172731,4,班玛县,29317,814000
293172732,4,甘德县,29317,814000
293172733,4,达日县,29317,814000
293172734,4,久治县,29317,814000
293172735,4,玛多县,29317,814000
293182736,4,玉树县,29318,815000
293182737,4,杂多县,29318,815000
293182738,4,称多县,29318,815000
293182739,4,治多县,29318,815000
293182740,4,囊谦县,29318,815000
293182741,4,曲麻莱县,29318,815000
293192742,4,格尔木市,29319,817000
293192743,4,德令哈市,29319,817000
293192744,4,乌兰县,29319,817000
293192745,4,都兰县,29319,817000
293192746,4,天峻县,29319,817000
303202747,4,兴庆区,30320,750000
303202748,4,西夏区,30320,750000
303202749,4,金凤区,30320,750000
303202750,4,永宁县,30320,750000
303202751,4,贺兰县,30320,750000
303202752,4,灵武市,30320,750000
303212753,4,大武口区,30321,753000
303212754,4,惠农区,30321,753000
303212755,4,平罗县,30321,753000
303222756,4,利通区,30322,751100
303222757,4,盐池县,30322,751100
303222758,4,同心县,30322,751100
303222759,4,青铜峡市,30322,751100
303232760,4,原州区,30323,756000
303232761,4,西吉县,30323,756000
303232762,4,隆德县,30323,756000
303232763,4,泾源县,30323,756000
303232764,4,彭阳县,30323,756000
303242765,4,沙坡头区,30324,751700
303242766,4,中宁县,30324,751700
303242767,4,海原县,30324,751700
313252768,4,天山区,31325,830000
313252769,4,沙依巴克区,31325,830000
313252770,4,新市区,31325,830000
313252771,4,水磨沟区,31325,830000
313252772,4,头屯河区,31325,830000
313252773,4,达坂城区,31325,830000
313252774,4,东山区,31325,830000
313252775,4,乌鲁木齐县,31325,830000
313262776,4,独山子区,31326,834000
313262777,4,克拉玛依区,31326,834000
313262778,4,白碱滩区,31326,834000
313262779,4,乌尔禾区,31326,834000
313272780,4,吐鲁番市,31327,838000
313272781,4,鄯善县,31327,838000
313272782,4,托克逊县,31327,838000
313282783,4,哈密市,31328,839000
313282784,4,巴里坤哈萨克自治县,31328,839000
313282785,4,伊吾县,31328,839000
313292786,4,昌吉市,31329,831100
313292787,4,阜康市,31329,831100
313292788,4,米泉市,31329,831100
313292789,4,呼图壁县,31329,831100
313292790,4,玛纳斯县,31329,831100
313292791,4,奇台县,31329,831100
313292792,4,吉木萨尔县,31329,831100
313292793,4,木垒哈萨克自治县,31329,831100
313302794,4,博乐市,31330,833400
313302795,4,精河县,31330,833400
313302796,4,温泉县,31330,833400
313312797,4,库尔勒市,31331,841000
313312798,4,轮台县,31331,841000
313312799,4,尉犁县,31331,841000
313312800,4,若羌县,31331,841000
313312801,4,且末县,31331,841000
313312802,4,焉耆回族自治县,31331,841000
313312803,4,和静县,31331,841000
313312804,4,和硕县,31331,841000
313312805,4,博湖县,31331,841000
313322806,4,阿克苏市,31332,843000
313322807,4,温宿县,31332,843000
313322808,4,库车县,31332,843000
313322809,4,沙雅县,31332,843000
313322810,4,新和县,31332,843000
313322811,4,拜城县,31332,843000
313322812,4,乌什县,31332,843000
313322813,4,阿瓦提县,31332,843000
313322814,4,柯坪县,31332,843000
313332815,4,阿图什市,31333,835600
313332816,4,阿克陶县,31333,835600
313332817,4,阿合奇县,31333,835600
313332818,4,乌恰县,31333,835600
313342819,4,喀什市,31334,844000
313342820,4,疏附县,31334,844000
313342821,4,疏勒县,31334,844000
313342822,4,英吉沙县,31334,844000
313342823,4,泽普县,31334,844000
313342824,4,莎车县,31334,844000
313342825,4,叶城县,31334,844000
313342826,4,麦盖提县,31334,844000
313342827,4,岳普湖县,31334,844000
313342828,4,伽师县,31334,844000
313342829,4,巴楚县,31334,844000
313342830,4,塔什库尔干塔吉克自治县,31334,844000
313352831,4,和田市,31335,848000
313352832,4,和田县,31335,848000
313352833,4,墨玉县,31335,848000
313352834,4,皮山县,31335,848000
313352835,4,洛浦县,31335,848000
313352836,4,策勒县,31335,848000
313352837,4,于田县,31335,848000
313352838,4,民丰县,31335,848000
313362839,4,伊宁市,31336,833200
313362840,4,奎屯市,31336,833200
313362841,4,伊宁县,31336,833200
313362842,4,察布查尔锡伯自治县,31336,833200
313362843,4,霍城县,31336,833200
313362844,4,巩留县,31336,833200
313362845,4,新源县,31336,833200
313362846,4,昭苏县,31336,833200
313362847,4,特克斯县,31336,833200
313362848,4,尼勒克县,31336,833200
313372849,4,塔城市,31337,834700
313372850,4,乌苏市,31337,834700
313372851,4,额敏县,31337,834700
313372852,4,沙湾县,31337,834700
313372853,4,托里县,31337,834700
313372854,4,裕民县,31337,834700
313372855,4,和布克赛尔蒙古自治县,31337,834700
313382856,4,阿勒泰市,31338,836500
313382857,4,布尔津县,31338,836500
313382858,4,富蕴县,31338,836500
313382859,4,福海县,31338,836500
313382860,4,哈巴河县,31338,836500
313382861,4,青河县,31338,836500
313382862,4,吉木乃县,31338,836500